crop_type,soil_type,rainfall_mm,temperature_c,humidity_percent,soil_ph,fertilizer_used_kg_per_hectare,pesticide_used_kg_per_hectare,irrigation_type,seed_quality_index,satellite_ndvi_index,predicted_yield_quintal_per_hectare
Wheat,Silty,570.6,25.9,41.4,6.27,108.4,1.64,Sprinkler,7.28,0.23,31.49
Maize,Loamy,710.1,29.7,67.9,6.89,140.1,1.88,Drip,6.37,0.51,40.63
Cotton,Sandy,996.8,21.6,68.6,7.67,128.3,1.27,Sprinkler,3.18,0.87,35.06
Cotton,Loamy,890.0,33.0,78.5,7.94,163.3,1.89,Sprinkler,1.82,0.31,29.74
Wheat,Silty,994.4,24.1,59.9,7.04,200.1,1.78,Canal,1.4,0.51,26.99
Cotton,Clay,930.5,32.3,79.5,8.42,103.7,2.06,Canal,1.27,0.25,22.04
Wheat,Silty,991.2,33.1,85.4,6.48,92.0,1.88,Canal,1.86,0.33,23.53
Soybean,Loamy,655.2,31.7,49.6,7.87,145.9,1.99,Canal,9.45,0.29,39.75
Sugarcane,Silty,654.3,32.2,68.9,7.57,146.2,2.82,None,2.39,0.41,23.33
Maize,Sandy,1231.0,19.3,72.9,5.94,127.6,2.01,Sprinkler,6.07,0.55,35.12
Rice,Silty,997.8,24.3,67.4,6.6,94.7,2.1,Drip,5.76,0.5,41.33
Wheat,Silty,440.7,27.2,76.2,6.25,170.1,1.01,None,4.21,0.9,33.92
Soybean,Sandy,411.8,25.0,48.2,7.29,149.5,2.37,Sprinkler,9.64,0.26,29.06
Soybean,Loamy,995.0,29.0,56.5,5.74,118.9,2.18,Canal,4.45,0.77,37.85
Rice,Silty,804.0,34.4,50.7,7.23,104.4,2.28,None,1.96,0.27,23.5
Wheat,Silty,724.8,28.4,67.8,7.83,124.8,1.79,Drip,3.86,0.26,28.19
Maize,Loamy,911.0,22.0,62.0,8.39,167.4,2.21,Sprinkler,9.65,0.88,46.49
Soybean,Loamy,853.7,32.8,67.5,8.27,147.8,1.86,None,2.97,0.55,32.29
Sugarcane,Sandy,437.6,30.6,47.7,6.63,146.6,2.13,Sprinkler,9.95,0.41,35.08
Cotton,Loamy,964.9,32.6,72.6,7.4,190.7,2.6,Sprinkler,9.78,0.73,49.3
Maize,Silty,1074.0,25.2,88.2,5.94,124.8,0.92,None,5.23,0.35,34.48
Cotton,Sandy,566.4,30.9,44.8,6.62,110.0,2.73,Drip,1.05,0.58,28.97
Maize,Loamy,1199.1,28.6,55.8,7.35,141.1,1.78,Drip,4.35,0.76,43.9
Sugarcane,Loamy,1346.7,32.1,59.3,8.24,98.9,2.45,Drip,8.92,0.84,51.5
Maize,Silty,756.0,40.0,85.3,7.68,103.3,2.45,Drip,6.25,0.34,31.46
Sugarcane,Silty,768.4,32.6,56.3,7.92,114.7,2.55,Sprinkler,9.34,0.58,32.63
Cotton,Silty,1058.4,24.4,57.4,7.58,132.7,1.42,Drip,8.58,0.29,39.86
Maize,Loamy,1002.1,25.2,59.9,6.41,132.6,2.14,None,1.93,0.23,28.85
Wheat,Silty,980.3,19.3,40.2,8.28,90.2,2.3,Canal,5.5,0.41,30.69
Rice,Silty,748.6,21.9,78.4,7.82,191.0,1.67,None,3.54,0.42,30.0
Rice,Silty,495.2,34.5,79.1,6.22,145.3,2.89,None,4.95,0.33,26.51
Rice,Silty,431.7,26.2,53.2,5.74,151.6,2.08,Drip,7.04,0.87,32.76
Sugarcane,Silty,1023.9,17.4,81.6,8.38,125.8,1.7,Sprinkler,4.71,0.62,34.55
Wheat,Clay,691.7,28.4,67.3,6.16,114.7,2.1,Drip,5.12,0.78,35.4
Maize,Sandy,446.3,23.6,55.3,6.0,106.9,1.89,None,4.02,0.56,25.72
Rice,Loamy,571.9,27.6,53.5,6.85,121.8,1.45,Canal,7.92,0.61,37.08
Soybean,Loamy,959.5,24.9,75.4,6.29,144.2,2.13,None,3.05,0.25,32.13
Cotton,Clay,582.8,30.3,68.3,8.14,113.0,1.44,Sprinkler,2.44,0.59,23.34
Rice,Silty,1272.7,30.6,64.6,5.74,167.1,1.39,Sprinkler,8.5,0.48,39.49
Wheat,Loamy,921.7,31.5,46.9,6.22,118.4,1.58,Canal,6.42,0.75,42.54
Soybean,Sandy,789.5,22.1,73.2,5.82,109.5,2.2,None,5.13,0.66,33.36
Rice,Silty,708.6,24.4,67.0,8.34,66.0,2.04,Sprinkler,8.71,0.42,31.18
Sugarcane,Loamy,683.4,27.0,64.0,7.05,102.9,1.88,None,8.36,0.86,48.93
Wheat,Loamy,775.3,20.5,84.4,6.06,130.0,1.34,Drip,8.86,0.35,44.35
Rice,Silty,969.7,26.3,72.7,8.12,92.1,2.85,Sprinkler,2.43,0.72,27.7
Sugarcane,Sandy,593.0,29.3,53.4,6.64,103.2,2.17,Canal,1.03,0.3,19.89
Sugarcane,Sandy,805.3,35.9,87.9,6.74,131.5,2.66,Drip,4.62,0.66,32.9
Maize,Clay,834.0,21.7,71.2,6.37,154.1,1.88,Sprinkler,8.17,0.25,32.67
Soybean,Clay,994.1,24.7,79.3,5.89,152.9,2.02,None,3.68,0.46,31.7
Sugarcane,Loamy,719.1,35.4,46.1,7.0,80.4,1.98,Drip,3.68,0.38,34.06
Rice,Loamy,889.3,18.0,70.6,5.75,95.3,1.29,Canal,2.4,0.46,30.7
Soybean,Silty,691.2,32.0,72.8,5.95,80.5,2.21,Drip,3.09,0.82,26.82
Wheat,Sandy,554.6,27.5,40.2,7.56,131.8,2.54,None,1.66,0.55,23.65
Wheat,Silty,818.5,23.9,65.5,8.24,97.9,3.17,None,6.37,0.71,34.0
Rice,Loamy,955.6,24.8,60.2,6.69,132.2,1.9,None,8.32,0.86,46.58
Rice,Silty,770.1,25.2,73.7,5.83,158.8,1.7,Drip,4.13,0.82,37.37
Rice,Clay,772.1,27.5,62.5,7.8,89.2,2.39,Sprinkler,6.89,0.32,29.97
Sugarcane,Loamy,1500.0,30.9,72.6,7.57,193.6,2.07,Sprinkler,1.64,0.32,34.43
Wheat,Silty,824.2,25.4,59.3,7.08,83.7,1.66,None,8.06,0.22,29.57
Soybean,Loamy,762.0,27.4,56.7,8.49,116.0,1.34,Canal,1.2,0.35,25.88
Wheat,Silty,853.3,32.8,47.6,5.61,114.6,1.45,None,5.51,0.29,29.41
Cotton,Sandy,824.7,34.9,58.5,7.42,139.1,2.04,None,4.97,0.21,28.71
Cotton,Loamy,1075.5,30.8,50.1,5.72,103.0,1.82,Sprinkler,1.68,0.37,30.42
Soybean,Loamy,975.7,21.8,89.9,6.17,89.1,1.63,None,6.78,0.46,39.75
Maize,Loamy,703.7,15.7,86.7,6.83,139.3,1.87,None,3.93,0.73,34.6
Soybean,Clay,988.3,27.3,89.1,5.84,119.6,1.04,Canal,2.9,0.7,31.32
Wheat,Clay,820.6,38.6,58.3,5.89,102.4,2.51,None,8.32,0.9,35.63
Sugarcane,Silty,505.0,19.8,61.4,7.79,128.6,2.65,Sprinkler,2.33,0.62,25.39
Sugarcane,Loamy,714.9,31.6,69.8,8.17,136.8,2.18,Drip,5.22,0.24,33.67
Sugarcane,Silty,738.2,23.6,79.3,6.46,133.8,2.32,Canal,5.96,0.3,30.31
Wheat,Sandy,760.8,31.4,70.8,6.57,135.0,1.62,Drip,8.18,0.74,43.37
Cotton,Clay,949.2,26.5,58.3,7.58,92.4,1.53,Canal,4.69,0.53,30.48
Cotton,Clay,705.2,29.1,56.3,6.01,118.2,1.77,Sprinkler,5.92,0.73,33.56
Sugarcane,Clay,854.5,28.8,54.0,7.82,143.5,2.31,Canal,3.5,0.42,27.75
Cotton,Silty,1005.0,28.5,69.7,5.79,70.7,2.01,Canal,8.05,0.61,35.88
Soybean,Silty,749.1,25.9,77.6,5.78,171.1,1.98,None,3.54,0.89,32.52
Maize,Silty,682.4,29.3,59.0,8.33,89.1,1.35,None,9.27,0.8,35.06
Cotton,Silty,952.8,21.8,43.6,7.69,154.9,1.91,Sprinkler,8.31,0.42,37.22
Wheat,Sandy,851.3,23.1,53.5,8.04,118.0,2.25,None,4.5,0.89,33.65
Wheat,Silty,808.6,26.3,61.3,7.99,149.7,2.84,Sprinkler,4.49,0.48,29.51
Maize,Loamy,865.9,18.0,54.8,6.33,58.3,2.28,Drip,2.79,0.62,36.76
Soybean,Sandy,439.6,35.0,72.9,5.91,129.8,2.36,Sprinkler,6.9,0.52,30.0
Maize,Clay,772.0,29.3,83.8,6.32,134.7,2.19,None,4.88,0.35,26.56
Soybean,Sandy,386.6,31.1,47.4,6.72,98.5,1.02,Canal,6.51,0.53,33.62
Cotton,Sandy,773.0,36.1,60.4,8.48,93.2,2.18,Drip,5.56,0.84,36.59
Sugarcane,Clay,852.9,36.9,59.9,6.07,122.9,2.08,Drip,1.92,0.45,29.63
Cotton,Silty,873.1,29.1,73.4,6.33,134.8,2.61,None,2.92,0.33,23.45
Cotton,Silty,732.0,18.8,48.4,6.02,86.8,1.44,Sprinkler,3.36,0.32,26.74
Sugarcane,Loamy,785.4,20.2,42.4,6.08,171.2,1.86,Canal,1.93,0.23,27.71
Wheat,Loamy,738.3,24.7,42.4,7.88,137.0,1.99,Canal,9.39,0.31,40.35
Maize,Sandy,861.2,21.6,88.3,8.22,100.0,1.61,Drip,7.45,0.56,35.99
Soybean,Silty,765.7,29.9,70.6,6.74,93.8,2.13,Canal,1.24,0.88,26.46
Soybean,Clay,537.9,24.2,74.4,7.1,142.2,1.82,None,8.58,0.39,36.44
Cotton,Clay,780.6,25.3,81.7,8.08,57.4,2.1,Sprinkler,8.23,0.28,31.88
Rice,Silty,576.8,26.0,66.7,5.98,119.2,1.87,None,3.81,0.44,26.35
Rice,Clay,409.2,22.0,57.3,5.93,124.3,1.92,Drip,1.72,0.56,24.92
Rice,Clay,772.0,22.6,59.6,7.76,150.9,1.84,Canal,4.68,0.55,31.84
Sugarcane,Loamy,569.9,27.8,68.0,8.38,97.8,1.92,Drip,3.14,0.22,26.97
Maize,Loamy,414.0,30.3,69.2,6.54,130.8,1.26,Canal,1.64,0.46,29.19
Wheat,Silty,1057.7,28.2,89.8,7.59,105.8,1.52,Canal,5.24,0.51,36.06
Rice,Loamy,976.3,25.8,62.6,6.48,132.8,2.35,Canal,2.36,0.69,33.33
Sugarcane,Silty,866.9,18.4,49.8,7.78,137.4,2.03,Drip,3.01,0.83,36.29
Wheat,Silty,1230.1,39.2,78.5,8.21,137.4,2.01,Sprinkler,8.37,0.25,33.56
Rice,Loamy,743.4,28.1,56.5,8.09,114.1,2.83,Drip,9.95,0.37,44.45
Sugarcane,Loamy,788.2,25.0,64.6,6.83,186.6,2.48,Canal,5.82,0.25,36.24
Sugarcane,Silty,827.3,25.7,65.9,7.45,99.0,2.75,Drip,2.31,0.24,26.37
Soybean,Silty,649.2,26.0,64.9,6.46,111.2,1.37,Canal,4.39,0.33,27.69
Sugarcane,Silty,616.8,34.3,77.8,6.6,148.1,1.96,Drip,7.7,0.9,40.36
Wheat,Silty,567.2,26.8,46.7,6.02,131.3,1.66,Canal,6.84,0.85,36.76
Sugarcane,Clay,789.9,25.4,40.6,6.8,61.1,2.33,Sprinkler,5.67,0.57,31.7
Cotton,Silty,1158.6,19.6,51.6,6.6,134.1,1.95,Drip,9.86,0.79,46.83
Wheat,Loamy,641.9,29.3,73.8,7.41,155.4,1.64,Canal,3.2,0.9,37.59
Wheat,Clay,647.0,23.7,56.6,6.13,104.1,2.57,None,4.21,0.46,24.53
Maize,Sandy,770.4,37.5,43.7,8.04,104.1,1.94,Sprinkler,3.61,0.75,27.51
Soybean,Silty,662.1,30.3,53.7,8.06,60.9,1.56,None,2.02,0.7,25.0
Maize,Loamy,326.9,24.4,45.9,5.83,73.9,2.29,Sprinkler,7.79,0.53,36.54
Cotton,Silty,742.2,25.7,64.7,5.98,92.9,1.29,Drip,3.32,0.89,33.34
Wheat,Sandy,811.8,21.9,78.0,7.36,152.1,1.64,Canal,6.0,0.87,39.54
Rice,Sandy,946.0,33.7,69.7,7.0,92.6,2.04,Sprinkler,1.98,0.35,29.0
Sugarcane,Loamy,894.9,31.9,52.7,8.27,185.3,1.89,Canal,7.12,0.34,37.88
Wheat,Sandy,824.7,29.3,81.9,8.37,104.8,1.84,Sprinkler,9.43,0.58,37.98
Rice,Silty,672.9,26.4,79.4,7.25,162.0,2.58,Drip,8.89,0.51,38.65
Sugarcane,Silty,1068.3,21.2,68.7,6.34,114.7,2.44,Drip,3.93,0.49,34.21
Maize,Silty,743.8,32.1,71.2,6.64,123.2,2.19,Drip,8.45,0.26,37.02
Rice,Clay,359.6,30.5,70.1,6.31,103.4,1.52,Drip,1.62,0.85,25.66
Wheat,Silty,1161.2,19.9,73.1,7.87,137.8,2.57,None,8.78,0.35,35.89
Wheat,Sandy,1016.2,28.5,70.3,7.43,132.4,2.37,Sprinkler,7.22,0.7,37.33
Sugarcane,Clay,367.7,26.7,59.4,7.86,150.5,2.59,Sprinkler,2.44,0.42,21.79
Cotton,Clay,694.7,28.0,74.3,5.75,148.4,2.1,Canal,3.48,0.21,21.93
Soybean,Clay,933.4,15.0,52.9,8.24,82.0,2.81,Sprinkler,9.74,0.55,34.65
Rice,Silty,578.8,25.5,57.8,7.68,147.1,1.26,Drip,3.66,0.84,36.96
Wheat,Silty,458.9,29.6,81.6,5.6,133.4,2.41,Drip,6.21,0.71,29.13
Maize,Silty,762.1,31.0,78.3,6.39,180.7,0.93,None,9.12,0.54,36.74
Rice,Sandy,950.3,19.1,56.9,6.23,124.8,2.73,Drip,9.08,0.85,43.83
Maize,Clay,736.1,34.3,55.5,8.13,155.2,2.73,Canal,9.05,0.68,35.87
Wheat,Silty,711.7,22.3,58.3,7.28,124.5,2.4,Sprinkler,6.03,0.24,28.68
Soybean,Clay,951.0,23.2,74.4,5.57,130.5,1.7,Drip,8.52,0.87,42.49
Maize,Silty,520.2,29.4,63.4,5.9,156.5,1.55,Canal,5.67,0.2,23.43
Cotton,Loamy,840.1,34.5,80.8,5.73,138.0,1.69,Sprinkler,9.17,0.77,44.43
Cotton,Loamy,833.1,40.0,46.1,6.31,144.5,1.94,Canal,7.32,0.78,43.68
Rice,Loamy,523.5,19.4,42.4,6.32,111.2,2.03,Sprinkler,8.06,0.7,38.71
Soybean,Loamy,754.3,20.6,67.0,6.32,113.5,1.31,Drip,6.51,0.81,47.16
Rice,Loamy,977.2,23.8,48.2,5.93,76.3,2.5,Canal,4.83,0.7,41.64
Rice,Clay,964.6,19.0,42.8,6.66,94.3,1.37,Sprinkler,2.31,0.62,31.0
Cotton,Silty,804.9,30.9,89.6,8.28,114.8,1.97,Sprinkler,9.46,0.46,34.06
Sugarcane,Loamy,837.6,22.6,64.9,7.1,121.0,2.5,Canal,7.39,0.71,46.63
Cotton,Loamy,984.6,22.7,88.7,6.7,72.2,2.93,Canal,4.9,0.87,37.91
Rice,Loamy,863.9,15.2,52.3,7.97,108.7,2.57,Canal,4.06,0.53,33.29
Maize,Clay,612.4,28.6,78.3,7.92,89.4,2.35,Drip,1.83,0.41,23.22
Soybean,Loamy,746.4,20.8,45.0,7.96,120.6,2.28,Sprinkler,8.45,0.9,44.81
Soybean,Silty,806.1,29.8,59.3,7.53,128.1,1.6,Canal,5.48,0.88,37.02
Sugarcane,Silty,874.7,34.6,47.9,6.25,101.8,1.45,Canal,4.66,0.69,33.29
Maize,Sandy,860.9,30.3,80.8,6.07,78.1,2.56,None,3.8,0.23,26.54
Maize,Loamy,632.3,26.7,76.9,6.7,146.2,2.34,Drip,1.06,0.36,27.2
Rice,Silty,869.5,36.2,59.3,7.12,162.6,2.37,None,2.51,0.52,24.16
Maize,Clay,890.0,20.1,73.7,6.43,92.9,1.84,Canal,7.68,0.5,36.79
Soybean,Sandy,749.2,29.3,58.9,7.19,154.4,1.58,Sprinkler,4.22,0.6,30.72
Maize,Clay,1248.1,25.1,68.5,8.49,134.3,2.55,Canal,1.21,0.56,30.65
Rice,Sandy,1022.9,30.2,64.5,6.52,165.4,3.18,Canal,7.13,0.85,40.38
Wheat,Sandy,903.1,28.2,69.3,5.63,136.4,1.81,Canal,4.31,0.53,30.45
Wheat,Silty,763.0,29.1,53.6,8.49,162.7,2.33,None,2.34,0.82,28.23
Cotton,Silty,809.4,25.1,46.4,7.5,123.2,1.7,None,6.29,0.6,31.19
Sugarcane,Clay,679.9,17.6,71.1,6.33,145.9,1.22,None,5.2,0.42,28.22
Cotton,Silty,311.8,27.5,79.0,5.5,83.7,3.35,Sprinkler,5.53,0.26,18.28
Sugarcane,Silty,976.5,19.3,88.6,6.11,155.7,1.83,Sprinkler,2.66,0.66,33.85
Maize,Silty,1066.0,25.3,85.2,5.64,85.5,2.16,Drip,2.93,0.76,35.64
Maize,Clay,990.2,23.8,45.4,7.98,121.7,1.9,Sprinkler,2.39,0.79,30.6
Rice,Sandy,743.3,35.5,59.1,6.59,143.1,1.94,None,7.08,0.4,34.26
Rice,Loamy,980.2,27.9,65.3,6.38,60.6,1.75,Drip,6.23,0.3,40.12
Cotton,Sandy,675.2,22.8,63.9,7.89,91.5,1.89,Canal,9.42,0.26,30.32
Soybean,Silty,808.1,28.0,85.7,6.1,101.1,1.84,Canal,5.29,0.24,25.92
Soybean,Clay,690.0,15.0,61.5,6.44,74.2,1.76,Canal,9.98,0.84,39.41
Sugarcane,Loamy,866.3,27.8,60.6,6.34,99.0,1.58,Canal,3.13,0.8,31.97
Sugarcane,Sandy,495.0,24.6,56.3,5.89,195.8,1.83,Drip,3.34,0.69,30.5
Maize,Loamy,1017.5,30.1,56.7,5.61,117.6,1.8,Drip,9.18,0.71,44.96
Maize,Sandy,896.6,30.2,40.6,7.33,103.3,1.55,Canal,8.04,0.45,32.91
Cotton,Clay,1019.9,29.6,40.2,8.31,120.8,2.55,None,6.01,0.52,31.01
Cotton,Silty,901.6,23.2,76.7,5.77,104.6,2.25,Sprinkler,4.74,0.6,32.46
Cotton,Clay,942.8,31.3,61.7,6.25,82.2,2.41,Drip,3.06,0.37,29.11
Rice,Clay,955.5,28.7,79.5,7.84,152.5,1.88,Drip,7.19,0.57,42.13
Sugarcane,Loamy,955.6,30.5,83.7,5.81,102.1,1.75,None,5.45,0.23,31.74
Cotton,Loamy,565.2,25.8,68.6,8.12,122.4,2.69,None,8.85,0.85,40.59
Wheat,Loamy,511.9,29.7,46.6,7.94,135.6,1.28,Drip,5.91,0.87,43.17
Wheat,Silty,556.9,21.7,48.7,6.04,142.2,1.67,None,5.27,0.65,29.92
Maize,Loamy,682.6,19.4,71.0,7.39,111.6,2.24,Drip,3.59,0.68,31.6
Rice,Loamy,868.6,28.4,86.7,8.23,96.8,2.94,None,6.42,0.37,32.26
Cotton,Clay,796.4,33.4,71.9,7.88,131.9,1.8,Drip,3.74,0.34,28.14
Cotton,Clay,548.7,22.2,42.0,6.9,187.6,2.1,Sprinkler,5.67,0.25,25.86
Rice,Sandy,958.8,27.9,84.2,5.53,112.6,1.51,Drip,8.67,0.21,36.12
Soybean,Sandy,1040.6,24.6,69.2,5.5,101.4,2.79,None,3.63,0.54,24.79
Wheat,Silty,720.1,30.4,85.4,6.09,126.7,2.21,None,9.87,0.8,40.89
Soybean,Loamy,713.9,31.2,68.2,7.52,125.5,2.07,Sprinkler,3.02,0.75,32.51
Cotton,Silty,945.9,23.2,69.3,6.07,147.6,2.3,None,6.44,0.77,39.97
Maize,Sandy,682.3,31.1,69.9,6.83,193.7,1.56,Sprinkler,4.29,0.8,34.86
Sugarcane,Clay,719.3,24.4,70.3,6.58,92.8,2.08,None,8.45,0.43,33.0
Cotton,Loamy,524.4,19.4,88.2,6.58,157.1,1.6,Canal,6.36,0.89,39.35
Rice,Loamy,856.8,21.2,46.6,6.94,154.7,1.66,Sprinkler,4.85,0.54,37.09
Cotton,Sandy,1068.4,29.7,86.9,8.43,84.8,2.24,None,3.53,0.73,30.07
Rice,Loamy,925.7,32.5,67.5,8.27,143.9,2.54,None,5.48,0.44,37.34
Sugarcane,Clay,676.5,21.7,74.4,8.18,110.3,2.17,Canal,7.05,0.7,33.27
Sugarcane,Clay,602.3,36.0,44.0,7.63,146.7,1.8,Canal,9.92,0.55,37.57
Cotton,Silty,915.6,16.6,83.3,6.86,110.1,1.74,Sprinkler,2.26,0.27,28.9
Maize,Sandy,801.2,18.4,67.2,6.17,88.3,2.34,Sprinkler,8.08,0.53,33.92
Wheat,Silty,872.3,17.1,89.4,6.93,143.7,2.75,Sprinkler,7.97,0.67,42.37
Cotton,Sandy,1022.5,26.8,83.7,6.1,93.9,1.89,Sprinkler,6.86,0.84,37.93
Cotton,Loamy,813.9,25.1,77.5,7.01,154.6,2.2,Drip,1.83,0.59,36.23
Soybean,Clay,916.8,23.7,54.6,6.26,104.1,2.35,Drip,3.65,0.87,35.75
Cotton,Loamy,687.2,24.4,71.5,7.83,137.5,2.68,Drip,2.05,0.71,31.69
Wheat,Clay,603.3,21.8,60.1,7.82,144.9,1.43,Sprinkler,6.76,0.68,28.32
Wheat,Loamy,785.3,27.4,45.6,7.8,104.5,2.22,None,4.69,0.62,32.96
Soybean,Silty,1031.3,27.1,41.5,8.28,123.1,2.27,Drip,9.51,0.73,44.84
Wheat,Loamy,1043.5,25.7,47.1,7.75,116.2,2.15,None,3.54,0.23,33.28
Sugarcane,Sandy,700.9,37.8,63.5,7.82,50.0,2.33,None,3.84,0.54,23.9
Cotton,Loamy,829.6,32.0,55.3,7.79,144.8,2.26,Canal,8.5,0.72,44.28
Cotton,Clay,610.9,22.3,53.1,7.19,88.3,0.86,Canal,3.87,0.43,24.98
Rice,Sandy,635.0,40.0,61.7,6.85,124.3,1.32,Sprinkler,4.14,0.65,26.01
Wheat,Clay,1029.2,24.5,73.8,6.18,129.9,2.73,Sprinkler,7.63,0.88,39.02
Cotton,Sandy,894.7,26.7,77.8,7.23,157.5,1.79,Canal,1.34,0.72,29.14
Soybean,Silty,629.5,27.1,46.3,7.37,118.0,2.33,Canal,4.61,0.83,31.16
Maize,Loamy,834.5,22.3,55.4,6.74,128.6,1.32,None,2.41,0.34,28.87
Rice,Clay,1022.3,33.2,46.7,5.84,136.1,2.75,Canal,6.97,0.63,35.37
Maize,Sandy,686.1,27.5,68.8,7.6,128.7,1.24,Drip,4.98,0.38,30.78
Rice,Silty,821.3,28.2,71.4,5.63,125.5,2.07,None,8.49,0.58,34.83
Sugarcane,Sandy,942.0,27.7,60.3,8.14,115.2,2.01,Drip,5.04,0.73,38.42
Wheat,Loamy,1193.9,29.6,78.0,6.31,104.3,1.64,None,5.11,0.61,39.12
Maize,Loamy,802.5,30.1,81.6,7.89,87.3,1.85,Sprinkler,3.46,0.7,33.02
Wheat,Sandy,714.3,27.8,86.4,5.89,160.1,1.88,Drip,8.59,0.37,37.19
Cotton,Sandy,668.9,24.6,80.2,6.53,104.1,2.27,Drip,3.53,0.4,27.53
Rice,Sandy,789.2,17.3,69.8,6.94,88.7,2.0,Drip,2.18,0.83,34.27
Soybean,Clay,765.0,31.7,88.5,8.39,65.4,2.24,Drip,6.98,0.4,32.87
Maize,Loamy,886.6,32.9,76.8,7.09,117.6,1.45,None,1.44,0.56,31.53
Sugarcane,Silty,607.3,29.8,72.0,6.96,146.1,2.31,Sprinkler,8.7,0.71,37.04
Soybean,Clay,800.0,27.7,78.3,6.44,99.1,1.76,Drip,4.15,0.84,36.89
Soybean,Clay,439.5,26.0,79.8,6.98,141.4,1.79,None,8.23,0.47,32.06
Rice,Loamy,1056.4,24.6,46.5,8.07,95.6,2.21,None,2.45,0.2,29.89
Soybean,Silty,953.1,30.3,44.4,6.91,67.1,1.8,None,6.88,0.29,34.18
Soybean,Loamy,933.1,28.7,62.0,6.29,121.7,1.12,Canal,3.02,0.29,34.48
Wheat,Silty,767.8,24.4,88.3,6.25,93.1,2.36,Canal,4.21,0.31,25.4
Rice,Loamy,926.2,31.3,66.7,5.73,127.7,2.35,None,9.23,0.84,45.53
Rice,Loamy,421.2,19.5,88.0,7.21,164.3,2.29,Sprinkler,3.38,0.62,33.75
Maize,Loamy,714.8,34.3,78.0,7.53,154.2,0.91,Drip,2.19,0.73,39.32
Soybean,Clay,931.8,34.8,48.2,8.16,89.3,2.54,None,5.91,0.58,27.3
Cotton,Sandy,758.1,30.6,59.8,5.77,174.7,3.12,Sprinkler,4.54,0.46,27.92
Soybean,Clay,868.5,32.1,59.3,6.27,96.8,1.7,Drip,6.68,0.58,36.11
Maize,Loamy,337.2,29.3,81.0,5.56,150.4,1.68,None,1.17,0.35,25.26
Wheat,Loamy,668.7,23.7,63.0,6.62,128.0,2.59,Sprinkler,7.23,0.56,42.98
Soybean,Silty,851.3,23.9,41.1,5.53,54.1,1.28,Sprinkler,5.71,0.41,28.03
Rice,Sandy,815.5,25.7,82.5,6.41,133.7,1.96,Drip,7.91,0.6,39.3
Wheat,Sandy,527.6,22.8,59.9,8.43,133.9,2.55,Sprinkler,9.51,0.9,36.36
Soybean,Loamy,856.6,31.2,64.1,7.42,112.7,0.85,Canal,5.89,0.69,43.72
Sugarcane,Sandy,1144.0,25.4,53.4,8.36,90.6,2.06,None,1.08,0.84,30.02
Wheat,Sandy,537.8,23.2,51.5,5.75,89.0,2.33,Drip,9.06,0.66,36.06
Maize,Silty,841.9,27.5,86.1,7.11,132.9,2.58,Drip,1.52,0.78,28.97
Wheat,Silty,645.6,31.7,70.7,8.31,128.9,1.95,Drip,9.8,0.25,37.87
Sugarcane,Silty,861.2,27.9,61.2,5.99,103.1,1.89,None,8.16,0.64,36.33
Rice,Silty,1240.7,29.1,45.1,6.35,147.2,2.37,Drip,2.55,0.85,41.84
Rice,Loamy,831.5,24.2,67.1,7.87,130.2,2.29,None,6.07,0.72,36.37
Maize,Clay,998.5,30.3,64.3,6.95,134.3,2.16,Drip,8.65,0.81,40.97
Soybean,Sandy,434.9,25.2,55.3,7.29,123.9,2.68,Sprinkler,8.79,0.71,32.42
Wheat,Silty,925.8,24.5,44.2,6.51,50.0,1.78,Drip,7.36,0.42,33.0
Rice,Silty,896.0,20.5,74.6,7.82,142.7,1.39,Drip,4.92,0.69,34.08
Maize,Silty,938.9,29.3,86.7,6.72,133.6,2.34,Sprinkler,9.03,0.54,38.09
Sugarcane,Sandy,478.4,22.0,48.5,7.77,87.4,2.91,Drip,2.97,0.36,23.55
Rice,Clay,648.6,23.1,43.3,8.06,150.4,0.88,Drip,8.76,0.84,40.12
Sugarcane,Loamy,578.5,28.1,83.0,7.75,163.0,2.1,Canal,9.36,0.78,44.6
Soybean,Clay,846.3,28.7,55.3,6.7,103.6,1.64,Drip,6.72,0.67,36.49
Sugarcane,Loamy,628.8,29.2,76.0,7.56,78.0,1.63,Sprinkler,2.64,0.78,33.34
Maize,Sandy,1036.0,29.7,52.5,6.93,116.7,1.49,None,4.16,0.74,36.7
Wheat,Loamy,1096.5,24.9,75.2,7.51,143.5,2.56,Canal,3.85,0.88,43.69
Soybean,Clay,1032.4,16.2,81.6,5.69,87.4,2.3,Sprinkler,3.56,0.57,33.26
Maize,Loamy,596.3,20.3,73.1,5.85,168.9,2.38,Sprinkler,4.91,0.31,31.08
Wheat,Sandy,1094.4,24.7,81.0,7.95,148.2,2.07,Sprinkler,8.97,0.89,43.89
Maize,Clay,831.4,22.7,59.4,7.83,190.2,1.72,Drip,8.22,0.38,37.88
Sugarcane,Sandy,798.5,23.1,76.2,6.24,93.8,2.3,Canal,6.76,0.51,32.0
Rice,Loamy,300.0,31.1,46.4,6.62,84.7,1.88,None,4.88,0.44,29.55
Cotton,Silty,800.6,25.9,72.6,7.42,86.8,1.73,Sprinkler,9.83,0.26,36.96
Soybean,Clay,823.4,25.0,75.2,5.57,112.6,1.68,Canal,2.15,0.8,29.57
Sugarcane,Sandy,945.2,32.5,70.7,7.27,96.2,2.11,Sprinkler,7.15,0.87,40.48
Rice,Sandy,758.4,28.0,71.0,8.32,167.7,2.29,Canal,9.04,0.81,38.19
Rice,Sandy,783.8,30.3,77.4,6.61,70.5,2.37,Sprinkler,7.3,0.75,31.89
Cotton,Silty,1014.1,24.1,59.9,6.7,125.3,1.31,Canal,3.71,0.3,28.29
Cotton,Loamy,856.6,25.8,89.3,6.58,122.0,1.97,Canal,4.18,0.46,39.72
Wheat,Loamy,734.6,31.8,84.4,6.39,118.5,2.51,Canal,8.63,0.56,41.85
Wheat,Silty,719.5,26.3,49.2,6.43,116.9,2.48,Sprinkler,1.37,0.61,25.37
Maize,Sandy,687.1,20.2,48.5,8.34,113.1,2.04,None,2.26,0.41,20.68
Cotton,Sandy,678.3,34.3,65.3,8.06,107.5,1.94,Canal,3.75,0.81,29.58
Rice,Loamy,851.8,26.7,73.2,5.73,85.1,2.19,Canal,4.54,0.57,32.45
Soybean,Loamy,661.4,22.6,42.2,6.12,116.4,1.6,Sprinkler,9.7,0.84,42.38
Cotton,Clay,876.2,19.6,56.7,7.26,139.2,1.67,None,1.77,0.84,32.11
Cotton,Clay,973.6,21.5,85.2,5.53,131.6,1.67,Drip,8.84,0.5,38.61
Rice,Loamy,1027.5,23.0,88.7,7.69,159.3,3.0,Drip,6.0,0.57,42.14
Soybean,Loamy,874.1,15.8,54.3,5.77,97.4,1.77,None,5.26,0.81,36.31
Maize,Loamy,941.0,26.3,89.2,6.08,123.5,2.03,None,3.56,0.74,35.59
Cotton,Sandy,457.3,28.0,85.3,7.36,95.5,1.92,Sprinkler,7.62,0.44,30.34
Maize,Loamy,713.8,31.6,60.4,7.31,165.2,2.38,Drip,1.06,0.42,30.03
Soybean,Loamy,1109.2,25.5,61.4,7.22,61.3,1.22,Sprinkler,6.11,0.77,40.94
Rice,Silty,975.3,24.6,53.4,8.44,130.9,2.54,None,6.62,0.27,29.41
Wheat,Silty,629.6,33.9,57.1,7.3,74.3,2.84,None,8.15,0.63,34.12
Wheat,Clay,767.9,25.4,80.5,6.9,89.7,0.99,Sprinkler,4.45,0.69,30.72
Sugarcane,Sandy,857.6,20.7,67.7,6.09,122.5,1.59,Drip,8.47,0.44,37.39
Cotton,Sandy,473.1,24.1,63.8,6.41,128.3,2.16,None,5.14,0.64,33.65
Wheat,Silty,727.5,29.0,45.4,7.67,138.2,2.69,Drip,9.37,0.43,34.64
Sugarcane,Silty,768.0,18.0,87.5,7.91,87.3,0.82,Canal,9.85,0.83,42.47
Sugarcane,Silty,1046.8,31.7,81.1,8.25,125.5,1.64,Sprinkler,1.03,0.33,26.9
Wheat,Loamy,1102.5,31.4,75.1,8.27,50.0,1.16,Sprinkler,2.63,0.63,38.3
Soybean,Loamy,554.5,24.5,47.6,8.47,153.5,1.51,Canal,8.15,0.64,43.57
Maize,Clay,785.3,35.3,60.4,6.43,112.8,2.06,None,2.38,0.36,23.89
Cotton,Silty,751.0,20.6,54.1,7.06,90.4,1.79,None,1.27,0.37,19.96
Cotton,Silty,1220.4,24.8,40.7,7.82,92.3,2.2,Canal,8.05,0.32,34.43
Rice,Sandy,735.5,25.7,58.8,7.26,118.0,1.55,Canal,3.3,0.43,27.95
Soybean,Clay,550.0,34.8,68.5,6.37,131.1,2.61,None,7.22,0.68,28.1
Sugarcane,Sandy,705.3,21.3,63.7,7.38,128.9,3.07,Drip,6.8,0.51,32.1
Cotton,Silty,1107.4,28.2,44.4,6.31,138.1,2.0,Sprinkler,1.72,0.61,29.85
Wheat,Loamy,578.5,15.4,51.2,8.05,153.9,2.09,Drip,9.29,0.47,41.16
Soybean,Silty,744.1,24.3,60.1,6.17,143.3,2.36,Drip,7.58,0.47,36.42
Cotton,Silty,690.8,30.1,66.2,7.33,174.9,1.61,Drip,5.42,0.52,36.57
Wheat,Sandy,629.4,32.3,44.4,6.42,121.3,2.32,Sprinkler,1.06,0.65,26.43
Sugarcane,Sandy,1025.2,29.2,66.2,5.89,174.9,2.02,Drip,1.41,0.38,30.53
Cotton,Silty,860.5,24.4,52.0,5.95,167.3,2.43,Sprinkler,5.64,0.9,35.1
Sugarcane,Sandy,694.3,24.2,48.6,5.52,120.1,2.22,Sprinkler,4.72,0.23,22.41
Wheat,Sandy,843.7,27.7,61.9,7.34,98.0,2.52,None,6.53,0.59,33.14
Cotton,Loamy,547.3,30.0,44.0,8.06,112.9,1.25,Canal,1.63,0.46,25.5
Rice,Loamy,539.3,29.3,74.2,7.52,70.6,2.64,None,4.69,0.89,33.3
Cotton,Clay,664.9,28.2,78.8,5.73,91.7,1.59,Drip,1.67,0.54,26.39
Wheat,Clay,858.8,32.9,63.5,7.24,123.8,2.24,Canal,5.94,0.79,37.41
Soybean,Silty,1004.2,31.3,63.8,8.18,111.8,1.98,Drip,8.03,0.88,41.59
Maize,Sandy,1169.9,29.6,85.0,7.28,147.4,2.26,None,6.85,0.63,41.34
Rice,Clay,762.6,30.9,63.9,7.66,159.4,1.86,Drip,2.04,0.79,31.67
Wheat,Loamy,783.2,23.6,59.5,5.78,50.0,1.9,Sprinkler,3.36,0.66,30.52
Soybean,Silty,466.1,26.9,44.6,6.83,141.8,1.87,None,5.71,0.26,29.62
Wheat,Silty,1149.9,34.8,83.7,5.88,113.7,1.7,Sprinkler,8.67,0.76,42.91
Wheat,Silty,869.5,31.4,56.4,6.72,185.5,2.56,Sprinkler,7.35,0.49,39.9
Maize,Loamy,743.2,25.0,76.9,8.2,138.3,1.88,None,3.81,0.75,33.81
Wheat,Silty,1071.9,31.5,56.5,8.27,108.0,2.34,Canal,4.18,0.41,31.51
Sugarcane,Sandy,688.4,23.2,74.3,6.94,88.4,1.57,Canal,1.7,0.62,24.12
Wheat,Loamy,899.7,22.4,85.6,6.03,93.1,1.38,None,9.64,0.74,47.65
Cotton,Sandy,872.6,23.1,71.1,7.49,108.3,2.08,None,6.24,0.39,30.8
Sugarcane,Silty,1006.6,23.7,58.6,6.64,140.4,2.27,None,7.75,0.77,41.16
Soybean,Sandy,735.0,25.0,72.7,5.82,111.4,1.38,Sprinkler,2.49,0.82,22.35
Rice,Silty,1180.2,26.7,68.6,8.37,149.8,2.0,Canal,2.35,0.75,31.27
Rice,Loamy,930.5,29.9,79.3,7.4,112.1,2.0,Canal,4.02,0.79,38.43
Cotton,Clay,687.2,23.4,55.8,7.5,110.5,2.2,Canal,3.17,0.5,30.11
Wheat,Clay,636.5,25.1,73.0,6.35,124.7,1.96,None,5.6,0.25,31.51
Sugarcane,Loamy,834.0,24.5,47.9,8.46,56.7,2.58,Drip,2.45,0.38,27.12
Cotton,Sandy,795.2,31.1,74.1,6.86,93.8,2.84,Canal,8.77,0.34,33.5
Cotton,Silty,781.0,28.2,81.5,5.6,121.5,2.54,None,4.75,0.71,29.1
Cotton,Clay,943.9,24.8,49.4,7.41,131.7,2.29,None,7.38,0.49,35.88
Soybean,Loamy,1009.6,36.5,72.5,7.06,106.2,2.43,Drip,3.25,0.35,37.46
Wheat,Sandy,1074.7,34.4,47.8,5.54,129.3,2.42,None,8.56,0.7,39.65
Cotton,Silty,954.2,28.6,76.8,7.73,145.2,1.62,Sprinkler,6.15,0.65,36.26
Rice,Silty,905.0,30.1,67.7,7.37,52.1,2.31,Canal,1.32,0.25,25.12
Rice,Sandy,577.1,28.9,43.6,8.31,134.9,2.08,Drip,7.2,0.56,32.96
Rice,Loamy,371.5,19.7,44.7,5.73,166.0,1.93,Sprinkler,6.79,0.71,35.15
Soybean,Silty,756.1,33.2,64.5,6.83,99.0,0.72,Canal,3.26,0.62,31.59
Maize,Silty,1018.5,19.6,83.8,8.28,145.1,1.92,Canal,3.84,0.66,31.47
Rice,Sandy,535.5,33.8,72.1,7.35,157.7,2.44,Canal,7.41,0.55,30.79
Soybean,Loamy,750.7,24.6,89.3,6.05,143.3,1.88,Canal,3.93,0.77,34.2
Sugarcane,Silty,911.0,35.5,89.4,7.42,140.5,1.85,Canal,3.45,0.38,28.76
Maize,Clay,760.1,35.2,45.7,7.19,153.1,1.68,Drip,7.37,0.88,41.8
Rice,Sandy,596.0,32.3,62.6,7.69,112.3,2.19,None,5.39,0.44,28.73
Wheat,Clay,663.1,20.9,51.7,8.39,100.1,1.74,None,9.12,0.36,32.68
Sugarcane,Silty,729.1,27.0,41.0,6.13,143.7,2.7,Sprinkler,3.42,0.76,33.57
Soybean,Loamy,681.9,24.2,85.8,6.52,120.6,2.25,Canal,6.03,0.33,33.83
Soybean,Clay,953.7,35.2,60.3,7.15,76.8,1.9,Drip,6.69,0.54,37.41
Rice,Clay,772.8,31.6,65.6,7.99,156.6,2.01,Drip,4.42,0.46,33.03
Wheat,Silty,1006.2,35.5,45.3,6.55,78.0,2.16,Canal,4.0,0.32,28.14
Sugarcane,Sandy,632.9,31.5,61.1,8.32,89.0,2.18,Sprinkler,4.47,0.38,22.87
Maize,Sandy,514.6,32.8,66.0,7.9,94.2,2.76,None,9.77,0.38,33.92
Maize,Silty,912.2,25.0,74.9,7.76,127.4,2.77,None,9.85,0.62,36.35
Maize,Silty,526.7,30.8,79.9,7.3,171.2,2.3,Canal,2.68,0.8,26.39
Wheat,Sandy,300.0,28.2,78.2,8.02,84.0,1.54,Canal,9.9,0.41,31.65
Rice,Clay,793.7,34.8,89.3,6.09,122.9,2.09,Sprinkler,5.82,0.81,33.08
Cotton,Sandy,770.4,27.3,70.4,7.22,117.7,1.66,Drip,5.31,0.41,37.34
Cotton,Clay,616.1,23.9,59.9,7.78,111.4,2.09,Canal,2.38,0.86,27.23
Soybean,Clay,416.1,28.6,40.8,5.79,99.6,2.57,Drip,2.23,0.59,23.13
Wheat,Sandy,683.4,29.0,67.9,6.82,99.0,1.7,None,1.65,0.73,27.01
Wheat,Silty,458.5,23.2,87.5,6.42,128.3,2.18,Drip,9.48,0.23,32.68
Soybean,Silty,479.9,27.5,49.2,5.7,149.1,1.71,Drip,6.75,0.39,36.04
Maize,Silty,829.3,31.2,49.7,6.22,113.6,2.36,Drip,3.24,0.54,30.37
Maize,Silty,863.1,23.9,49.9,6.23,123.9,2.15,None,3.26,0.42,29.01
Cotton,Loamy,788.7,33.5,51.4,8.06,60.2,2.75,Drip,1.55,0.75,30.52
Soybean,Clay,667.0,24.8,61.8,7.91,116.9,2.39,Sprinkler,4.13,0.78,31.24
Maize,Loamy,1026.2,28.9,46.2,6.34,128.9,2.47,None,4.83,0.49,39.16
Soybean,Loamy,870.0,20.4,44.3,6.54,144.9,1.48,Sprinkler,4.99,0.47,37.49
Sugarcane,Silty,982.0,23.7,69.8,6.55,167.0,0.93,Canal,4.35,0.69,32.11
Soybean,Silty,829.0,30.0,81.4,8.15,129.2,1.57,Canal,6.73,0.88,34.58
Cotton,Sandy,814.0,26.1,86.3,7.4,105.6,1.59,Sprinkler,3.27,0.49,31.27
Wheat,Clay,450.1,16.4,61.3,7.99,104.9,1.86,Sprinkler,4.78,0.84,28.99
Sugarcane,Loamy,672.1,27.5,61.5,6.3,153.2,2.64,Sprinkler,2.13,0.89,34.63
Cotton,Silty,1046.2,28.4,51.1,6.8,60.8,3.17,Canal,7.53,0.58,37.32
Soybean,Silty,690.4,25.8,78.8,8.27,145.4,1.39,Drip,6.35,0.27,33.92
Sugarcane,Sandy,1190.5,23.1,87.5,8.29,171.0,1.01,Drip,2.04,0.64,37.72
Rice,Loamy,923.4,26.2,67.6,7.91,97.2,2.63,Canal,3.75,0.27,33.56
Soybean,Loamy,858.1,28.1,69.6,6.95,81.5,1.51,None,4.92,0.61,39.64
Wheat,Loamy,629.5,32.4,57.1,6.13,134.9,2.41,Canal,4.76,0.77,34.71
Wheat,Loamy,750.8,22.5,54.0,6.54,163.0,1.5,Canal,4.02,0.45,32.49
Cotton,Loamy,868.4,17.4,70.1,7.19,98.9,1.2,Canal,8.06,0.46,41.22
Maize,Sandy,613.6,27.8,43.7,5.85,100.0,2.57,None,6.83,0.63,26.87
Soybean,Clay,300.0,27.9,46.9,6.39,167.3,2.33,Canal,9.09,0.28,32.68
Maize,Silty,617.1,27.4,69.2,6.44,89.2,2.61,Drip,2.92,0.54,28.43
Sugarcane,Sandy,1094.5,16.7,44.0,6.22,168.2,2.14,Sprinkler,5.77,0.8,35.08
Maize,Clay,790.9,27.7,45.9,7.52,103.7,1.81,Canal,5.47,0.47,33.98
Soybean,Clay,1076.8,26.6,63.2,7.24,152.9,2.05,Drip,3.22,0.6,33.58
Wheat,Silty,527.7,28.3,70.6,7.82,112.4,1.39,Sprinkler,7.58,0.27,26.08
Maize,Clay,637.7,30.7,86.3,7.36,169.8,2.22,Drip,8.03,0.4,38.17
Maize,Clay,550.6,26.9,64.0,7.42,104.9,1.68,Sprinkler,6.33,0.64,33.33
Sugarcane,Sandy,770.1,20.5,47.0,6.81,86.0,1.16,Drip,2.4,0.29,28.75
Rice,Clay,555.2,26.3,79.7,5.71,129.5,1.89,None,9.38,0.43,33.43
Sugarcane,Sandy,1302.9,31.5,75.3,5.87,133.8,1.77,Drip,6.17,0.24,39.2
Soybean,Silty,783.3,23.8,70.6,7.92,60.9,1.83,Sprinkler,4.8,0.75,32.41
Soybean,Silty,547.4,19.8,87.7,7.83,120.6,1.94,None,5.14,0.38,26.88
Wheat,Sandy,769.2,26.1,70.5,6.69,94.8,1.25,Drip,6.14,0.4,35.63
Wheat,Loamy,669.4,29.2,43.6,8.02,143.6,1.72,None,4.9,0.62,36.26
Sugarcane,Sandy,768.1,29.0,67.4,5.72,118.4,1.54,Sprinkler,9.11,0.26,29.15
Wheat,Clay,563.9,25.9,50.2,7.27,59.6,2.99,Sprinkler,8.04,0.64,33.29
Sugarcane,Clay,844.5,26.1,87.3,8.21,117.3,1.93,Canal,3.54,0.88,26.53
Cotton,Loamy,600.5,26.8,69.0,7.95,113.7,1.69,Drip,7.77,0.7,43.89
Cotton,Clay,836.6,28.9,55.4,5.9,80.6,2.37,Canal,8.07,0.32,29.79
Soybean,Clay,624.8,30.9,53.2,6.59,85.3,1.85,Canal,3.23,0.44,25.37
Rice,Loamy,894.0,25.3,65.2,6.54,123.8,1.8,Canal,2.28,0.72,36.94
Cotton,Clay,648.6,23.9,79.1,7.2,80.2,2.38,Canal,5.0,0.66,28.93
Soybean,Sandy,693.5,29.5,50.0,7.23,133.8,1.05,None,1.28,0.89,29.21
Wheat,Loamy,692.0,28.3,42.0,6.68,147.0,2.24,Sprinkler,3.22,0.89,36.39
Cotton,Silty,681.5,27.5,55.8,8.46,118.1,1.23,Canal,3.41,0.87,30.34
Wheat,Sandy,779.5,38.5,61.7,5.97,147.5,2.07,Sprinkler,1.28,0.76,25.75
Wheat,Loamy,889.3,24.6,47.7,6.48,165.6,2.05,Canal,3.83,0.89,42.25
Soybean,Sandy,492.2,17.7,64.6,7.7,124.7,2.1,Drip,5.4,0.84,34.31
Sugarcane,Clay,824.8,28.0,51.9,6.7,67.3,2.23,Drip,1.65,0.46,27.97
Wheat,Clay,1148.4,31.8,77.9,6.07,150.3,1.87,None,7.35,0.69,40.98
Soybean,Clay,1213.6,23.7,64.9,6.18,178.6,2.28,Canal,5.26,0.86,38.12
Soybean,Loamy,704.2,35.5,56.3,5.73,134.3,2.2,Sprinkler,9.75,0.53,37.79
Sugarcane,Sandy,718.1,27.4,53.7,8.41,107.4,1.48,Canal,4.07,0.63,28.75
Cotton,Loamy,1081.3,25.5,77.5,6.47,84.3,2.38,Canal,4.09,0.78,36.81
Cotton,Loamy,981.0,28.0,58.7,5.93,136.1,1.2,Sprinkler,9.58,0.61,41.59
Wheat,Sandy,648.0,29.4,48.7,5.94,130.7,1.78,None,4.5,0.61,30.67
Cotton,Loamy,1292.5,36.7,71.3,8.37,134.0,1.84,Sprinkler,7.99,0.77,46.48
Sugarcane,Silty,889.2,30.6,84.9,6.27,125.9,2.78,Sprinkler,3.67,0.52,24.67
Cotton,Clay,656.5,30.9,85.7,7.18,96.7,1.52,Sprinkler,6.45,0.7,34.12
Maize,Clay,686.0,31.2,75.9,8.22,89.8,2.42,None,4.1,0.75,31.12
Cotton,Clay,647.3,30.9,56.4,5.56,129.2,2.41,Sprinkler,7.22,0.63,30.56
Cotton,Clay,718.1,18.6,46.5,5.87,177.8,2.16,Drip,6.95,0.74,40.69
Wheat,Sandy,688.9,21.4,79.2,6.11,98.2,1.82,None,6.06,0.86,33.96
Wheat,Loamy,489.4,23.8,40.4,8.24,82.0,3.24,None,1.77,0.22,21.88
Cotton,Loamy,628.9,23.5,89.5,8.44,135.5,1.56,Sprinkler,2.04,0.85,34.24
Wheat,Silty,651.7,22.1,61.4,6.18,95.0,2.05,Sprinkler,5.13,0.76,32.43
Cotton,Clay,610.3,23.1,58.5,8.26,142.8,3.35,Sprinkler,8.66,0.71,35.1
Soybean,Sandy,666.3,32.3,59.9,8.41,143.7,2.5,Drip,8.22,0.33,34.29
Sugarcane,Sandy,867.8,25.8,44.4,7.83,73.4,2.33,Drip,7.85,0.61,35.62
Cotton,Clay,586.0,19.5,47.5,6.12,90.3,2.24,None,1.43,0.37,26.99
Wheat,Silty,1133.6,23.7,75.1,7.89,164.5,2.71,None,7.87,0.31,33.06
Wheat,Loamy,917.6,24.2,64.1,6.24,116.8,2.45,Sprinkler,8.28,0.61,44.24
Cotton,Sandy,1207.0,31.9,63.7,5.59,132.5,1.91,None,4.85,0.4,28.32
Wheat,Clay,1193.5,22.1,41.9,7.01,134.4,1.61,Sprinkler,2.57,0.87,39.16
Maize,Silty,809.0,36.3,62.2,6.15,122.4,1.81,Canal,3.98,0.31,27.61
Sugarcane,Silty,560.9,22.2,48.8,6.42,142.2,2.37,Sprinkler,2.36,0.21,22.03
Rice,Clay,633.7,31.9,55.9,6.79,124.5,1.95,Sprinkler,2.64,0.52,27.65
Soybean,Sandy,1086.1,24.4,82.6,5.55,115.4,1.73,Sprinkler,9.39,0.45,36.45
Soybean,Sandy,518.5,24.9,53.5,6.1,132.8,2.35,Drip,1.45,0.5,24.0
Wheat,Loamy,958.0,21.5,54.6,8.13,115.4,2.05,Sprinkler,6.76,0.53,36.56
Rice,Clay,687.5,29.8,52.0,5.71,114.6,1.47,Drip,3.42,0.6,28.93
Wheat,Sandy,1044.3,38.2,44.7,6.84,97.0,2.14,Canal,3.92,0.54,33.88
Soybean,Clay,692.8,19.8,69.0,6.29,150.9,1.75,Canal,4.61,0.58,27.14
Soybean,Silty,1000.5,28.5,89.0,8.25,102.1,1.72,Sprinkler,4.33,0.27,25.85
Wheat,Clay,607.6,30.4,53.9,5.63,99.1,1.91,Drip,7.87,0.32,32.08
Cotton,Sandy,724.0,25.9,60.1,8.08,124.1,2.13,None,3.08,0.54,29.99
Soybean,Silty,950.8,25.0,78.8,7.3,117.0,1.75,None,4.9,0.82,34.98
Maize,Loamy,1058.8,31.7,62.8,7.85,115.8,2.64,Canal,9.92,0.88,47.37
Wheat,Clay,712.1,29.2,72.4,8.16,142.5,1.23,Canal,1.64,0.25,18.98
Rice,Sandy,793.2,24.3,47.7,8.01,50.0,1.68,Drip,1.56,0.81,29.53
Cotton,Silty,1072.0,29.6,85.3,6.81,122.8,2.74,Canal,7.87,0.7,41.17
Soybean,Loamy,352.3,22.9,48.8,6.3,156.8,0.8,Drip,2.31,0.85,34.95
Sugarcane,Sandy,805.4,31.5,67.7,6.86,128.9,2.44,None,8.28,0.33,33.19
Soybean,Loamy,667.2,26.8,61.1,7.78,70.1,2.07,None,4.15,0.35,30.69
Wheat,Silty,538.7,31.3,43.2,6.58,98.8,1.88,Drip,1.03,0.23,21.53
Wheat,Clay,405.7,30.9,52.2,6.17,149.3,2.86,Sprinkler,2.57,0.3,19.38
Sugarcane,Sandy,801.2,22.6,52.3,8.12,132.6,2.71,Canal,1.36,0.78,28.31
Rice,Clay,968.7,31.1,56.2,5.75,119.2,1.75,None,8.28,0.41,34.54
Sugarcane,Sandy,946.8,20.3,86.1,6.56,127.0,1.98,None,2.94,0.27,27.83
Rice,Silty,613.1,27.4,82.4,7.92,105.3,0.5,Sprinkler,5.85,0.53,29.89
Wheat,Clay,615.5,26.1,46.5,8.34,155.8,2.27,Sprinkler,8.42,0.37,29.23
Wheat,Silty,770.0,26.8,53.1,6.01,145.3,2.5,None,6.73,0.43,31.75
Maize,Clay,529.1,20.2,40.2,8.46,216.2,1.49,Canal,4.95,0.38,27.42
Sugarcane,Clay,1197.5,34.8,75.8,8.45,126.3,2.6,None,7.18,0.53,34.79
Soybean,Loamy,876.2,18.7,89.4,8.19,62.0,1.56,Sprinkler,5.83,0.34,32.97
Soybean,Silty,672.4,27.6,52.3,6.32,125.4,2.26,Drip,1.96,0.61,30.01
Wheat,Sandy,849.0,26.3,40.7,8.01,115.0,2.15,Sprinkler,7.18,0.76,37.26
Wheat,Sandy,1035.9,29.8,65.9,6.91,96.5,1.9,Sprinkler,2.72,0.54,29.83
Wheat,Loamy,1050.7,38.3,76.1,5.87,124.9,1.49,None,5.54,0.51,39.21
Rice,Loamy,754.0,32.0,47.3,7.56,125.5,2.83,None,1.52,0.34,31.51
Rice,Silty,772.8,34.4,80.8,6.37,117.8,2.69,None,1.92,0.55,25.57
Sugarcane,Loamy,810.8,33.3,67.8,6.09,92.3,1.98,None,1.43,0.39,23.88
Cotton,Loamy,1162.7,17.4,65.9,7.72,159.6,1.85,Drip,9.78,0.81,55.92
Soybean,Loamy,851.6,29.3,71.4,6.53,165.9,2.25,Canal,8.19,0.53,44.87
Soybean,Loamy,887.7,24.0,65.0,7.17,80.3,3.12,Drip,4.28,0.38,36.78
Sugarcane,Loamy,673.5,28.5,51.5,6.55,154.1,1.86,Drip,4.94,0.72,39.01
Cotton,Clay,487.6,15.7,63.2,5.7,117.2,1.54,Drip,7.69,0.72,33.13
Rice,Clay,942.1,23.0,45.0,5.69,98.6,1.81,Canal,2.82,0.5,27.35
Soybean,Silty,842.8,24.2,79.0,6.88,133.7,2.36,Canal,8.94,0.28,36.69
Sugarcane,Silty,575.4,28.9,68.2,5.61,86.6,2.82,None,2.7,0.88,26.86
Soybean,Sandy,905.0,29.3,86.9,6.82,121.5,2.38,Drip,3.6,0.31,29.37
Soybean,Sandy,913.6,31.7,59.8,7.07,89.2,2.6,Canal,4.44,0.68,33.07
Rice,Loamy,604.4,30.8,51.7,5.99,165.2,1.58,None,1.23,0.27,27.64
Soybean,Sandy,862.3,30.4,80.5,6.05,164.9,1.94,Canal,7.94,0.36,35.21
Wheat,Silty,595.0,26.5,70.1,8.11,135.4,1.12,Drip,5.83,0.84,36.38
Rice,Loamy,852.9,20.1,49.5,7.24,125.8,1.67,Drip,3.34,0.25,36.22
Wheat,Silty,760.3,25.0,55.9,6.5,107.8,1.73,Sprinkler,9.93,0.47,37.48
Rice,Silty,572.3,24.1,54.5,7.33,58.1,1.62,None,5.97,0.48,28.56
Maize,Clay,839.9,34.9,50.8,6.59,74.4,1.79,Canal,5.62,0.21,27.7
Wheat,Loamy,550.9,31.8,40.7,5.95,89.2,1.24,Sprinkler,5.86,0.73,34.67
Sugarcane,Loamy,904.4,35.2,44.2,6.17,167.1,1.73,Sprinkler,2.24,0.65,32.95
Wheat,Sandy,538.3,26.2,62.4,7.92,96.6,2.26,Canal,3.01,0.22,23.26
Sugarcane,Sandy,932.8,24.0,75.6,6.74,50.0,3.14,Sprinkler,6.52,0.84,34.88
Maize,Silty,1019.5,21.5,58.0,5.51,137.9,2.11,Canal,2.46,0.86,31.76
Cotton,Clay,612.2,32.3,79.1,6.75,111.9,0.86,Canal,7.67,0.86,37.99
Rice,Sandy,826.7,25.5,79.2,5.79,171.9,2.66,Drip,9.06,0.85,40.39
Maize,Silty,1134.5,26.5,41.4,6.24,85.7,1.61,Canal,1.56,0.77,27.3
Cotton,Clay,332.9,29.8,89.8,7.18,76.5,2.06,Sprinkler,1.55,0.36,17.76
Sugarcane,Clay,1119.7,23.4,62.0,6.16,140.0,2.26,None,4.59,0.62,33.01
Sugarcane,Sandy,723.2,27.5,65.1,6.06,99.8,1.64,Sprinkler,4.38,0.34,24.97
Wheat,Sandy,934.7,21.9,55.1,6.01,103.1,2.5,None,7.61,0.85,36.27
Wheat,Clay,611.8,25.3,63.6,6.98,82.5,2.64,Canal,3.3,0.78,29.7
Wheat,Clay,1080.1,20.8,89.4,8.15,180.3,1.15,None,8.9,0.5,38.77
Maize,Silty,855.3,23.3,79.3,6.05,62.6,2.1,Sprinkler,3.45,0.45,26.1
Soybean,Clay,940.6,22.2,43.0,5.87,121.2,1.18,Drip,6.75,0.37,37.14
Soybean,Sandy,800.2,18.5,44.4,7.02,126.5,2.26,Drip,7.73,0.39,39.31
Sugarcane,Loamy,900.1,22.0,65.4,8.3,140.8,1.45,Drip,9.3,0.77,50.18
Maize,Silty,540.4,29.1,81.1,7.26,147.6,2.52,Canal,6.96,0.8,35.33
Rice,Sandy,637.5,21.1,80.3,7.47,118.4,1.84,Canal,4.91,0.57,28.82
Sugarcane,Clay,865.7,37.5,86.3,6.22,109.0,1.81,Drip,2.87,0.4,31.88
Cotton,Loamy,889.3,29.0,48.8,7.89,146.8,1.42,Sprinkler,5.35,0.59,38.13
Soybean,Clay,522.9,24.7,72.3,8.32,101.8,1.9,None,1.62,0.29,22.88
Soybean,Clay,609.8,22.1,73.7,7.66,112.4,1.78,None,6.96,0.76,31.7
Maize,Loamy,544.7,24.3,78.1,7.5,111.6,2.07,Drip,8.84,0.35,39.58
Soybean,Silty,919.8,20.9,46.0,8.4,114.4,1.85,None,2.67,0.59,32.28
Soybean,Clay,686.0,16.8,53.6,5.97,86.9,1.18,Canal,2.27,0.5,27.37
Sugarcane,Clay,852.4,21.2,88.2,5.94,109.7,1.87,None,4.51,0.81,32.29
Sugarcane,Clay,711.9,34.3,50.2,7.3,142.7,2.36,None,1.3,0.81,24.46
Rice,Silty,1089.3,20.8,86.6,8.39,122.3,1.31,Canal,2.58,0.8,32.87
Maize,Silty,1009.2,32.0,40.3,7.88,140.2,2.36,None,4.53,0.89,34.98
Maize,Silty,859.7,31.7,59.9,6.54,126.3,1.78,Canal,5.73,0.46,35.95
Soybean,Clay,697.1,24.7,85.3,7.96,119.4,2.69,Canal,5.15,0.87,29.93
Wheat,Sandy,1070.2,31.8,54.0,8.45,142.1,1.55,Drip,7.03,0.21,39.99
Wheat,Loamy,887.5,26.9,53.0,7.36,105.7,1.96,Canal,6.92,0.52,40.27
Soybean,Sandy,300.0,22.5,80.5,6.71,129.1,2.14,Sprinkler,2.92,0.8,29.12
Sugarcane,Silty,756.7,22.7,81.2,6.42,130.6,1.99,Drip,3.49,0.69,29.72
Sugarcane,Sandy,779.1,15.0,58.3,8.1,54.3,2.65,Canal,7.53,0.76,32.12
Rice,Clay,1012.2,25.5,62.7,7.11,112.3,3.16,None,5.46,0.29,29.7
Soybean,Loamy,852.5,28.9,77.7,6.29,123.5,2.91,Sprinkler,5.67,0.63,38.68
Wheat,Clay,878.6,27.5,76.9,5.84,90.9,2.13,Canal,4.25,0.39,27.49
Sugarcane,Sandy,851.3,24.1,80.5,6.27,123.5,2.01,Drip,4.31,0.21,28.49
Soybean,Clay,1300.5,20.4,76.2,7.66,118.0,2.4,None,3.88,0.8,37.78
Cotton,Silty,896.0,25.8,55.7,8.48,138.5,1.64,Canal,2.25,0.23,26.43
Maize,Sandy,460.1,30.8,60.1,7.06,125.6,1.3,Drip,9.91,0.3,36.84
Soybean,Sandy,672.3,20.6,69.4,7.32,86.1,3.0,Sprinkler,6.82,0.24,29.55
Sugarcane,Loamy,655.8,32.2,80.4,7.11,132.5,2.12,Sprinkler,3.86,0.83,33.53
Rice,Loamy,519.4,27.8,55.4,7.54,112.7,2.62,Canal,5.57,0.23,29.5
Maize,Sandy,757.7,27.3,84.3,8.13,97.2,2.37,Drip,3.21,0.82,32.3
Maize,Loamy,844.2,28.3,45.6,7.76,171.5,1.93,Sprinkler,3.17,0.9,38.08
Rice,Silty,726.3,29.5,79.7,6.09,112.6,1.22,Sprinkler,7.9,0.45,33.83
Maize,Silty,828.5,31.0,75.6,7.58,116.0,1.73,Sprinkler,6.9,0.68,33.31
Wheat,Loamy,905.3,33.0,51.9,6.02,107.3,2.33,Drip,7.33,0.83,42.25
Rice,Clay,990.4,20.3,69.3,7.66,166.3,2.27,Canal,8.64,0.75,40.37
Sugarcane,Silty,737.4,28.7,68.7,7.04,119.6,2.39,Sprinkler,4.54,0.48,28.23
Cotton,Clay,657.9,23.4,76.0,6.27,117.0,1.51,None,8.43,0.76,35.83
Maize,Clay,986.3,22.9,75.5,7.81,162.8,2.28,Sprinkler,7.49,0.87,39.06
Cotton,Sandy,780.1,21.3,60.8,8.43,104.3,0.91,Drip,3.08,0.61,30.31
Soybean,Silty,888.7,36.6,56.5,7.4,134.1,2.07,Canal,6.24,0.38,31.2
Cotton,Clay,877.8,27.9,84.7,7.9,91.3,1.7,Sprinkler,7.53,0.34,29.74
Cotton,Clay,912.9,31.0,82.8,6.69,113.4,2.28,Drip,8.46,0.51,39.4
Cotton,Silty,360.4,26.8,82.8,7.28,85.9,0.56,Drip,4.38,0.84,32.53
Maize,Clay,513.7,22.6,71.2,5.79,166.1,2.18,Sprinkler,4.63,0.69,32.68
Sugarcane,Clay,871.4,22.7,61.0,7.55,128.4,2.8,Sprinkler,6.4,0.3,32.01
Sugarcane,Silty,738.3,25.9,73.4,7.56,135.4,1.64,Drip,6.95,0.74,37.85
Rice,Loamy,522.8,29.8,68.1,6.36,165.5,2.72,Canal,9.62,0.78,40.24
Wheat,Loamy,1278.6,29.8,53.9,7.93,171.4,1.93,None,8.56,0.45,49.27
Wheat,Silty,397.5,31.9,61.3,7.38,150.8,2.2,None,8.84,0.71,35.1
Cotton,Loamy,835.7,28.2,54.3,7.01,145.5,2.74,Sprinkler,3.1,0.78,36.97
Cotton,Sandy,377.2,28.6,52.9,7.24,124.9,1.53,Drip,4.62,0.39,29.88
Maize,Silty,1172.7,25.4,76.7,8.43,145.1,1.5,Drip,8.03,0.54,41.27
Rice,Silty,593.9,30.2,60.4,5.89,148.8,2.14,None,1.29,0.36,20.55
Soybean,Loamy,899.3,23.3,58.2,7.52,117.2,1.53,None,3.98,0.89,43.16
Sugarcane,Loamy,659.9,23.5,86.4,7.16,120.2,2.33,None,1.31,0.21,28.43
Maize,Loamy,642.9,28.5,44.2,5.97,151.2,2.6,Canal,5.04,0.78,36.02
Maize,Loamy,541.6,30.1,48.5,6.36,93.5,1.19,Drip,4.67,0.69,40.74
Cotton,Silty,377.6,24.3,43.6,6.46,125.1,2.5,Sprinkler,3.29,0.34,25.66
Maize,Clay,716.3,18.7,40.8,8.25,144.5,1.95,Sprinkler,2.65,0.32,24.57
Wheat,Loamy,798.8,29.7,49.4,6.02,60.9,1.93,None,7.3,0.41,35.46
Soybean,Loamy,880.5,24.1,63.5,5.86,129.2,2.24,None,1.97,0.82,34.35
Soybean,Silty,866.8,22.4,64.1,6.5,116.5,1.66,Canal,7.79,0.84,35.31
Sugarcane,Sandy,624.1,21.2,65.1,6.92,112.8,2.05,Drip,3.55,0.76,32.25
Soybean,Silty,1000.4,27.1,48.8,7.83,87.3,2.18,Sprinkler,6.46,0.45,29.22
Maize,Loamy,1210.6,25.2,41.4,7.13,143.4,2.3,Canal,6.15,0.37,41.14
Wheat,Sandy,837.1,34.8,71.6,6.55,138.6,2.03,Drip,8.3,0.62,37.38
Sugarcane,Silty,900.0,21.9,46.7,7.07,131.8,1.87,Sprinkler,3.6,0.28,29.16
Wheat,Silty,927.4,28.6,62.9,8.28,136.3,2.11,Drip,9.16,0.88,42.78
Cotton,Sandy,800.9,30.0,86.3,7.79,131.1,2.12,Drip,7.34,0.75,40.55
Maize,Loamy,463.8,34.1,47.3,5.89,112.2,2.14,Sprinkler,6.2,0.48,30.01
Cotton,Silty,618.7,18.5,77.9,7.81,126.3,2.05,None,5.95,0.62,29.91
Sugarcane,Silty,661.9,27.0,86.7,8.15,170.4,1.86,None,9.87,0.46,37.9
Soybean,Loamy,995.0,28.4,55.9,6.45,105.6,1.38,Sprinkler,8.13,0.62,44.33
Cotton,Sandy,985.5,19.4,64.9,7.85,147.8,1.37,Drip,1.69,0.23,28.62
Rice,Silty,715.8,31.2,56.5,7.44,119.3,1.77,Sprinkler,3.59,0.82,32.62
Wheat,Clay,815.6,28.1,50.8,6.39,141.3,1.91,None,5.95,0.65,35.81
Wheat,Sandy,734.5,17.5,86.7,7.95,89.4,2.03,Canal,3.42,0.52,25.99
Rice,Sandy,637.0,30.3,85.9,5.81,139.1,2.19,Drip,9.15,0.64,35.26
Rice,Clay,513.9,22.0,60.6,6.11,141.6,1.47,Drip,6.05,0.5,34.54
Cotton,Sandy,487.1,27.6,78.2,5.72,91.3,2.14,None,8.35,0.28,27.73
Maize,Silty,746.5,16.8,85.9,8.39,69.9,3.32,Canal,3.43,0.38,23.03
Soybean,Silty,584.6,22.5,65.0,7.71,102.6,1.53,Sprinkler,9.82,0.43,34.56
Sugarcane,Sandy,689.9,27.9,84.4,8.18,143.8,2.6,None,7.03,0.26,25.55
Maize,Loamy,1115.0,25.7,60.0,7.12,138.8,1.65,Sprinkler,8.31,0.86,50.79
Wheat,Loamy,998.1,30.6,52.9,7.75,163.4,2.04,Canal,5.66,0.55,40.42
Sugarcane,Sandy,662.9,22.2,50.6,5.76,106.3,1.41,None,6.59,0.67,33.23
Maize,Sandy,752.3,28.3,79.5,7.03,95.4,2.2,None,7.12,0.59,36.74
Soybean,Clay,813.4,24.9,60.3,8.49,160.7,2.46,None,7.29,0.67,34.8
Cotton,Silty,960.0,27.7,65.2,7.92,80.9,2.3,Drip,1.47,0.74,27.74
Sugarcane,Sandy,697.7,26.5,56.5,7.4,155.3,1.94,Drip,7.39,0.75,43.83
Sugarcane,Silty,967.1,23.0,70.1,7.7,125.6,2.51,Sprinkler,6.66,0.79,35.95
Maize,Sandy,639.7,27.4,76.1,8.07,135.3,2.22,Drip,2.6,0.63,28.52
Rice,Loamy,918.2,25.5,67.1,8.19,89.8,1.61,Canal,5.4,0.39,31.82
Cotton,Loamy,653.4,22.6,79.1,6.64,157.7,1.87,None,7.19,0.78,40.63
Sugarcane,Loamy,786.5,26.8,47.2,7.87,131.4,1.71,Canal,1.11,0.3,29.06
Wheat,Clay,766.8,29.1,60.1,6.01,129.2,2.52,Sprinkler,2.13,0.25,23.57
Sugarcane,Sandy,968.4,17.6,66.1,8.39,103.0,2.89,Sprinkler,5.11,0.36,26.72
Wheat,Clay,937.9,39.7,61.5,5.69,124.7,2.38,Sprinkler,7.56,0.49,32.76
Sugarcane,Loamy,1121.9,26.9,52.1,6.2,96.6,2.67,Sprinkler,9.79,0.82,50.89
Maize,Loamy,631.7,28.2,56.5,7.16,98.5,2.34,None,3.78,0.89,36.21
Cotton,Silty,301.6,16.5,52.3,6.59,122.4,1.29,Drip,6.41,0.71,34.72
Soybean,Clay,817.9,20.8,54.1,5.5,118.1,3.02,Sprinkler,7.32,0.67,35.61
Rice,Sandy,559.9,33.5,67.4,6.7,123.7,1.15,None,3.48,0.51,24.5
Soybean,Sandy,616.0,23.9,77.0,7.02,124.7,1.72,Drip,6.88,0.49,36.84
Sugarcane,Clay,741.2,19.6,63.4,8.33,113.1,2.72,Sprinkler,7.76,0.65,30.94
Maize,Clay,736.5,32.8,72.3,6.27,141.9,2.56,Drip,8.86,0.52,35.77
Maize,Clay,393.6,23.9,79.3,8.45,127.9,1.8,None,9.98,0.2,28.88
Soybean,Sandy,728.0,29.8,57.9,8.48,137.4,1.68,Drip,2.29,0.76,28.91
Cotton,Loamy,947.2,15.6,60.1,7.67,117.3,2.02,Sprinkler,6.94,0.46,40.82
Cotton,Silty,1083.2,30.8,60.3,6.8,140.4,1.71,Canal,3.7,0.52,32.65
Maize,Loamy,606.1,34.9,63.2,7.44,111.7,1.72,None,8.57,0.76,40.57
Soybean,Loamy,641.1,23.5,78.8,7.94,140.2,1.82,None,3.2,0.29,30.46
Maize,Sandy,911.1,27.0,74.6,8.0,111.3,2.23,Drip,2.26,0.64,32.66
Sugarcane,Sandy,919.9,31.3,49.4,6.93,84.6,2.69,Drip,1.84,0.64,29.01
Cotton,Silty,835.9,23.7,71.1,7.23,144.0,2.05,Sprinkler,7.66,0.9,44.0
Sugarcane,Loamy,690.6,24.0,49.4,8.4,134.4,1.32,None,3.17,0.68,32.36
Cotton,Silty,1084.4,24.9,59.0,6.34,169.3,2.05,Canal,4.2,0.86,36.94
Cotton,Clay,1129.5,24.1,87.8,7.24,165.6,2.6,Canal,3.8,0.59,35.34
Sugarcane,Sandy,922.4,24.5,70.5,8.37,121.4,1.85,Sprinkler,5.31,0.62,32.69
Wheat,Sandy,789.2,36.8,77.9,7.9,167.3,2.18,Canal,3.39,0.4,27.26
Maize,Silty,949.3,26.7,63.2,6.85,118.2,2.58,Drip,6.77,0.88,39.49
Rice,Clay,980.9,24.4,57.7,6.27,106.1,2.13,Sprinkler,7.66,0.62,38.49
Wheat,Sandy,532.4,28.7,41.5,5.63,120.4,2.66,None,5.89,0.73,28.19
Rice,Loamy,914.3,19.4,72.3,8.19,147.1,1.82,Sprinkler,4.5,0.75,33.78
Rice,Clay,606.5,26.2,74.2,5.83,159.0,1.49,None,9.74,0.44,39.63
Sugarcane,Sandy,604.2,24.7,43.7,6.78,141.2,2.07,None,8.7,0.49,32.43
Wheat,Loamy,1064.8,30.0,44.6,6.53,147.6,2.08,None,9.95,0.34,46.44
Wheat,Clay,735.7,26.7,41.3,6.55,108.2,1.93,Sprinkler,1.24,0.5,22.98
Sugarcane,Silty,538.9,26.6,72.3,7.22,120.8,1.92,None,1.31,0.86,29.28
Cotton,Clay,875.3,29.2,45.8,8.09,107.8,1.01,None,4.58,0.67,33.85
Maize,Silty,1146.4,30.8,61.6,7.99,135.7,2.33,Drip,7.55,0.62,40.62
Wheat,Sandy,858.1,29.4,66.9,7.11,124.5,1.87,None,7.29,0.28,35.45
Maize,Sandy,894.7,26.0,70.8,6.86,117.8,0.84,Drip,1.6,0.67,33.33
Cotton,Clay,775.7,24.0,45.6,7.3,196.1,2.18,Sprinkler,8.78,0.65,39.58
Rice,Sandy,877.6,15.8,52.6,5.85,155.5,1.28,Drip,7.25,0.78,41.22
Rice,Silty,476.4,32.3,88.5,5.7,101.5,2.36,Canal,6.0,0.62,26.86
Cotton,Silty,796.9,30.3,88.4,7.07,97.9,2.02,Canal,1.29,0.24,22.53
Wheat,Sandy,787.1,40.0,53.3,6.85,105.3,2.04,None,8.21,0.29,31.82
Rice,Sandy,1260.9,34.7,83.5,6.14,138.9,2.27,Drip,8.4,0.47,39.82
Sugarcane,Sandy,866.9,16.4,75.3,5.95,107.6,1.64,Sprinkler,3.27,0.78,30.85
Sugarcane,Sandy,791.2,28.9,41.2,6.28,134.0,1.88,Sprinkler,8.75,0.45,35.29
Sugarcane,Clay,300.0,28.1,88.6,5.82,84.9,1.69,Canal,6.48,0.21,21.49
Soybean,Clay,340.5,25.1,82.1,7.65,106.0,2.21,None,6.59,0.23,24.22
Maize,Loamy,621.2,24.1,61.4,5.68,205.8,2.05,Drip,3.57,0.54,36.2
Soybean,Clay,1035.4,26.7,44.3,6.95,195.6,1.95,Sprinkler,9.34,0.79,45.01
Sugarcane,Sandy,793.5,21.6,61.9,5.93,134.8,1.7,Canal,7.54,0.36,33.82
Cotton,Loamy,595.9,33.2,76.2,7.99,124.9,2.6,None,6.16,0.69,37.7
Sugarcane,Silty,1042.6,25.3,63.6,5.95,110.2,2.88,Drip,4.06,0.45,31.61
Wheat,Loamy,839.9,24.5,47.4,6.15,134.1,1.47,Sprinkler,3.76,0.25,31.26
Wheat,Loamy,1246.6,31.3,49.3,7.81,149.1,2.2,Drip,4.22,0.47,41.37
Soybean,Clay,829.0,27.8,73.0,5.8,144.9,1.31,None,8.77,0.25,34.41
Cotton,Clay,824.5,24.9,79.6,7.51,97.4,2.71,Canal,7.83,0.58,35.37
Sugarcane,Sandy,587.9,30.0,50.7,8.31,59.7,2.57,Sprinkler,9.63,0.38,32.32
Maize,Clay,515.0,32.2,75.7,5.62,90.8,1.91,Drip,5.59,0.32,25.75
Sugarcane,Silty,549.7,32.6,76.2,6.69,161.9,1.58,Canal,9.26,0.22,34.55
Soybean,Sandy,613.6,32.4,66.8,5.85,126.9,1.9,Canal,2.18,0.72,29.25
Wheat,Sandy,670.8,40.0,89.6,8.24,112.6,0.67,Sprinkler,1.25,0.8,25.33
Wheat,Clay,798.0,29.4,75.3,8.14,136.5,2.02,Sprinkler,7.69,0.4,32.49
Maize,Clay,1088.6,31.1,62.5,7.71,74.1,2.18,Canal,2.25,0.72,31.15
Sugarcane,Sandy,349.9,30.0,52.2,7.42,91.2,2.53,Drip,7.03,0.78,34.59
Soybean,Sandy,510.2,33.5,86.9,7.84,93.5,2.07,Canal,3.09,0.31,21.95
Soybean,Sandy,909.1,26.5,67.7,5.61,111.7,1.55,Drip,3.47,0.89,33.83
Cotton,Loamy,538.8,36.7,60.6,5.74,115.0,1.82,Canal,5.91,0.32,34.08
Wheat,Silty,601.8,26.8,43.9,6.0,112.2,2.77,Canal,3.96,0.27,23.25
Rice,Sandy,738.0,29.3,44.2,6.56,144.4,2.7,Canal,3.83,0.57,29.47
Sugarcane,Loamy,1034.0,24.6,52.0,6.0,169.0,1.85,Canal,1.15,0.86,36.43
Sugarcane,Loamy,804.7,31.0,68.0,7.23,117.8,2.0,None,2.09,0.64,33.62
Soybean,Sandy,754.7,23.8,52.5,7.23,165.3,2.48,Canal,9.03,0.89,41.0
Rice,Silty,781.8,22.0,48.9,6.06,132.5,2.07,Canal,1.01,0.62,27.37
Rice,Loamy,868.6,32.2,66.8,8.15,151.4,1.39,None,6.56,0.38,37.2
Soybean,Sandy,760.3,23.7,61.1,7.4,114.8,2.18,None,6.35,0.9,34.18
Wheat,Clay,553.3,23.4,89.1,8.4,124.5,1.09,Drip,4.13,0.25,27.68
Wheat,Clay,972.5,35.1,60.5,8.36,149.8,2.76,Canal,4.84,0.32,27.13
Rice,Clay,300.0,21.2,42.2,8.24,135.9,3.08,Drip,5.89,0.38,24.65
Sugarcane,Loamy,607.0,32.8,67.2,7.13,170.1,1.94,Sprinkler,4.1,0.26,30.18
Sugarcane,Loamy,881.7,31.3,71.5,6.86,125.2,2.7,Drip,1.05,0.39,32.45
Maize,Clay,749.8,17.3,87.2,6.75,76.2,1.34,Sprinkler,5.06,0.34,29.24
Cotton,Clay,813.8,28.5,41.9,7.38,152.6,1.55,Sprinkler,7.68,0.43,35.03
Wheat,Sandy,518.3,29.6,54.1,7.1,63.9,2.41,Sprinkler,2.76,0.54,18.87
Rice,Clay,838.7,19.7,87.3,5.98,95.6,1.84,None,8.17,0.4,33.15
Soybean,Silty,664.0,29.5,73.4,5.86,105.6,2.08,Drip,3.48,0.74,31.91
Wheat,Sandy,1171.9,25.8,53.0,8.37,152.7,1.48,None,8.73,0.59,38.58
Cotton,Loamy,663.5,21.9,69.0,6.69,123.2,2.63,None,6.88,0.27,37.68
Sugarcane,Sandy,617.8,27.3,49.1,7.63,118.9,1.23,Drip,5.61,0.65,34.07
Rice,Clay,921.4,23.5,86.3,7.84,64.9,1.72,None,1.68,0.22,21.53
Wheat,Loamy,630.6,28.4,55.2,6.87,71.3,1.82,Canal,4.81,0.63,33.99
Maize,Loamy,1186.5,28.0,58.5,6.26,107.8,2.41,Drip,1.37,0.51,33.98
Rice,Sandy,682.3,27.8,50.0,6.08,50.0,1.68,Sprinkler,1.19,0.44,21.73
Rice,Loamy,836.5,28.6,87.6,5.89,188.3,1.63,None,9.13,0.54,45.08
Soybean,Sandy,770.7,27.6,70.1,6.39,155.7,2.48,Sprinkler,5.9,0.87,38.25
Maize,Sandy,641.6,31.5,50.4,5.68,143.4,2.43,None,5.21,0.31,26.22
Maize,Silty,746.0,28.0,52.5,7.58,149.4,2.07,Sprinkler,5.49,0.23,29.99
Maize,Sandy,962.9,28.5,73.6,7.73,61.9,1.48,Sprinkler,3.53,0.77,29.66
Maize,Silty,652.3,24.3,72.2,5.56,184.1,2.45,None,3.02,0.88,29.52
Wheat,Sandy,743.6,19.1,72.9,7.64,95.5,2.43,Canal,1.77,0.66,27.95
Cotton,Loamy,748.1,29.5,74.9,5.65,123.8,2.43,Canal,2.99,0.35,29.56
Rice,Silty,759.5,23.5,63.3,6.96,84.2,2.32,Drip,5.31,0.73,36.2
Soybean,Loamy,861.3,19.9,69.0,7.56,108.9,1.73,None,3.46,0.58,37.5
Cotton,Clay,830.8,25.8,43.3,7.78,119.6,2.28,None,5.37,0.89,35.95
Maize,Loamy,860.4,20.7,44.9,6.04,98.0,1.4,Sprinkler,9.94,0.55,42.08
Maize,Sandy,358.1,29.9,69.1,7.77,106.4,2.41,Drip,2.12,0.78,29.92
Maize,Loamy,703.0,29.1,69.5,6.25,112.3,2.82,Drip,2.56,0.85,34.19
Maize,Sandy,1008.7,35.9,74.8,5.76,136.0,1.42,Sprinkler,2.73,0.81,30.92
Soybean,Loamy,955.7,22.7,70.8,8.27,143.2,1.86,Canal,9.89,0.67,43.18
Soybean,Clay,565.5,19.5,73.9,8.22,136.2,2.04,Canal,9.51,0.84,36.67
Wheat,Sandy,1074.6,27.3,49.3,5.78,110.6,1.58,Canal,6.66,0.74,36.85
Soybean,Silty,639.8,26.8,89.2,6.99,169.1,2.12,Drip,4.17,0.76,38.3
Sugarcane,Silty,963.3,16.9,40.7,7.44,93.0,2.38,Canal,3.16,0.79,33.82
Wheat,Silty,726.4,27.0,53.8,6.37,100.3,2.93,None,9.37,0.28,34.32
Maize,Loamy,691.1,24.9,76.5,7.08,118.1,1.16,Canal,5.64,0.33,37.82
Wheat,Silty,540.0,28.8,89.0,7.49,109.8,2.23,Sprinkler,3.58,0.43,26.0
Rice,Clay,761.7,27.7,73.4,7.13,141.8,1.58,None,6.51,0.43,34.61
Soybean,Clay,561.5,21.1,67.9,6.75,104.5,1.49,Sprinkler,8.28,0.52,32.15
Cotton,Sandy,301.0,28.1,40.8,7.77,139.8,1.38,Sprinkler,3.88,0.51,25.18
Maize,Clay,719.0,24.3,86.0,7.2,89.1,1.77,Canal,2.85,0.31,24.46
Rice,Clay,566.7,29.8,83.3,5.69,186.4,2.4,Canal,6.69,0.65,31.59
Cotton,Sandy,477.8,29.2,57.7,5.7,134.4,1.27,Sprinkler,8.56,0.51,32.35
Wheat,Clay,670.6,31.0,89.5,8.0,81.5,2.74,Canal,3.72,0.65,26.52
Soybean,Sandy,753.4,23.5,43.9,6.06,169.2,2.94,Drip,2.17,0.71,33.33
Cotton,Silty,679.9,28.0,45.4,5.99,101.9,2.03,None,4.37,0.64,27.37
Soybean,Sandy,735.7,25.2,75.1,6.2,104.3,1.7,None,6.25,0.72,32.01
Wheat,Silty,1049.5,21.2,82.4,8.21,144.0,1.88,Sprinkler,2.43,0.77,32.92
Cotton,Clay,666.9,28.9,59.9,8.1,102.3,1.82,None,5.98,0.61,32.59
Maize,Sandy,642.1,20.1,65.8,7.77,153.9,2.44,Drip,4.33,0.54,31.61
Maize,Silty,893.5,33.0,64.6,5.64,184.6,2.42,Drip,7.79,0.81,41.49
Wheat,Sandy,1016.4,28.5,64.1,8.01,126.2,1.57,Drip,5.67,0.88,40.02
Cotton,Sandy,460.4,25.0,64.7,7.64,145.4,2.14,Drip,3.59,0.44,30.01
Wheat,Silty,705.6,32.3,44.1,8.18,133.4,1.88,Canal,8.43,0.27,28.64
Maize,Sandy,739.9,35.4,68.0,8.24,133.3,1.24,Drip,2.13,0.34,28.74
Sugarcane,Clay,634.1,25.0,79.3,6.3,106.0,1.61,Sprinkler,4.67,0.5,29.52
Maize,Sandy,911.9,32.7,51.9,5.53,91.1,2.78,Sprinkler,7.8,0.2,31.13
Sugarcane,Clay,967.4,26.6,71.9,7.02,106.4,1.82,Sprinkler,6.67,0.43,35.09
Soybean,Loamy,801.4,25.4,41.8,8.08,112.7,2.24,None,6.21,0.8,37.71
Sugarcane,Loamy,695.5,32.4,63.4,6.89,112.4,2.41,None,9.98,0.78,45.58
Wheat,Silty,475.9,20.7,72.1,5.73,146.3,2.13,None,2.36,0.68,21.64
Soybean,Silty,627.0,36.2,51.1,6.22,107.2,2.28,None,5.92,0.33,29.56
Sugarcane,Loamy,583.3,16.2,68.9,7.08,72.6,1.91,Drip,1.25,0.5,31.4
Rice,Sandy,768.8,29.9,77.6,8.4,128.2,1.06,None,7.28,0.25,32.67
Sugarcane,Loamy,811.9,26.1,81.2,5.88,135.6,2.43,Drip,5.92,0.74,38.4
Maize,Loamy,922.3,32.4,73.5,6.07,146.8,1.86,Sprinkler,7.54,0.85,43.12
Soybean,Loamy,459.4,27.6,71.5,6.03,100.7,1.84,Sprinkler,5.15,0.44,28.78
Wheat,Silty,836.7,26.9,83.8,8.22,155.7,1.57,Canal,6.1,0.39,28.31
Maize,Clay,989.0,32.0,84.0,7.0,117.1,1.85,Drip,2.36,0.67,36.46
Cotton,Sandy,472.3,28.5,74.6,7.61,103.0,2.19,Canal,7.51,0.41,26.15
Maize,Loamy,659.0,18.9,88.5,7.8,113.0,1.49,Sprinkler,9.62,0.69,41.58
Rice,Clay,796.1,35.4,68.1,8.05,171.1,1.57,Canal,7.2,0.87,35.83
Cotton,Sandy,945.6,38.4,45.8,6.75,123.9,1.64,Canal,8.02,0.79,39.88
Sugarcane,Silty,880.3,25.0,67.9,5.68,180.6,1.22,Drip,7.2,0.58,38.42
Cotton,Sandy,1098.9,34.2,79.8,8.39,124.9,2.55,None,3.68,0.87,30.56
Sugarcane,Sandy,1193.6,23.9,85.5,5.6,72.2,1.51,Drip,3.12,0.33,28.11
Maize,Silty,1353.3,34.7,86.3,6.8,167.3,1.28,Canal,9.86,0.31,43.33
Wheat,Sandy,389.3,21.2,73.8,5.55,131.8,1.62,None,6.83,0.4,30.59
Wheat,Silty,929.5,29.4,84.2,6.54,155.3,2.08,Drip,7.68,0.23,36.45
Maize,Loamy,333.4,27.8,88.9,8.28,100.0,1.9,None,8.05,0.28,31.04
Rice,Sandy,968.6,21.9,50.8,7.07,100.6,3.13,Sprinkler,1.81,0.71,27.48
Sugarcane,Loamy,983.3,24.6,58.7,7.47,96.3,1.8,Sprinkler,8.41,0.42,40.02
Maize,Clay,921.2,30.2,46.3,7.4,147.6,2.28,None,5.5,0.66,33.43
Wheat,Loamy,791.4,19.3,80.0,7.16,145.0,1.74,None,4.25,0.65,36.95
Cotton,Clay,991.8,24.2,55.8,7.02,112.9,1.94,None,6.01,0.53,35.41
Maize,Sandy,775.1,38.1,82.3,7.43,132.2,2.22,Drip,8.52,0.63,40.56
Sugarcane,Loamy,802.4,24.5,42.1,5.97,127.0,1.99,Sprinkler,5.84,0.63,38.74
Sugarcane,Silty,954.0,25.4,73.0,5.98,64.2,1.87,Canal,3.9,0.71,32.68
Maize,Clay,1293.5,36.2,82.7,7.17,128.5,2.25,Drip,4.85,0.75,43.44
Wheat,Silty,835.6,30.4,41.5,5.73,90.1,1.4,Drip,6.01,0.48,32.37
Maize,Clay,1225.8,32.5,54.7,7.49,120.0,1.87,None,3.08,0.32,31.67
Sugarcane,Silty,384.2,25.9,78.1,7.12,128.3,0.83,Drip,7.57,0.69,39.18
Cotton,Sandy,733.3,31.3,83.3,6.37,142.1,1.95,Sprinkler,7.68,0.78,36.86
Rice,Silty,898.6,20.2,53.4,6.07,147.9,1.44,None,7.11,0.45,34.88
Cotton,Loamy,616.7,27.8,65.4,7.14,143.2,1.17,Sprinkler,2.58,0.38,31.51
Sugarcane,Sandy,591.8,24.3,60.2,8.45,113.7,1.35,Canal,9.27,0.52,32.76
Rice,Silty,704.4,37.9,56.4,7.85,99.8,1.8,None,2.84,0.81,27.78
Sugarcane,Silty,594.6,28.4,57.6,6.64,91.0,1.98,Drip,5.85,0.86,35.73
Sugarcane,Sandy,581.5,22.4,86.6,8.05,74.3,1.9,Drip,9.22,0.64,36.31
Soybean,Clay,846.1,25.6,62.6,8.21,94.7,2.12,Canal,5.87,0.77,30.53
Maize,Clay,950.9,36.0,59.5,7.12,132.5,1.5,Drip,4.3,0.87,39.44
Wheat,Clay,909.5,25.7,84.1,5.57,122.4,1.42,None,5.59,0.54,34.33
Rice,Sandy,840.9,24.8,84.8,8.3,60.0,2.28,None,9.41,0.33,32.19
Maize,Clay,1061.0,25.9,85.1,7.66,121.3,2.28,Canal,1.14,0.51,27.4
Cotton,Loamy,551.8,29.7,67.5,8.03,68.0,2.65,None,3.2,0.38,23.82
Rice,Silty,700.6,33.2,46.6,8.14,119.5,0.9,Drip,3.4,0.27,27.33
Wheat,Clay,869.4,29.3,77.8,6.76,147.2,1.94,Sprinkler,2.63,0.7,34.26
Wheat,Clay,782.9,18.5,86.5,7.2,107.8,2.02,Sprinkler,2.32,0.65,28.57
Rice,Silty,1026.8,35.5,43.3,5.67,127.7,1.67,Sprinkler,8.75,0.54,36.54
Wheat,Clay,659.6,27.2,76.6,6.56,140.4,2.04,Drip,9.16,0.73,44.01
Cotton,Loamy,996.3,24.7,70.1,6.46,80.6,1.8,Drip,5.8,0.27,38.31
Sugarcane,Loamy,637.0,29.8,45.4,6.94,144.0,2.27,Canal,1.11,0.76,30.81
Sugarcane,Sandy,815.7,34.1,64.6,8.14,154.3,1.32,Drip,2.73,0.27,25.54
Soybean,Silty,545.2,30.4,54.8,6.62,149.9,2.89,Sprinkler,5.99,0.34,27.76
Rice,Silty,950.2,26.3,61.0,8.15,113.3,1.58,Canal,8.72,0.78,35.67
Maize,Clay,966.0,19.8,60.0,7.41,108.9,1.96,None,1.3,0.85,29.77
Cotton,Loamy,608.4,25.0,67.8,7.22,87.2,1.48,Sprinkler,4.02,0.41,29.22
Soybean,Sandy,754.9,30.8,48.8,5.98,113.8,2.49,Sprinkler,9.24,0.23,30.64
Soybean,Clay,934.6,31.0,45.6,6.53,145.4,2.12,Canal,3.73,0.83,34.14
Soybean,Clay,643.6,28.8,44.6,7.43,158.6,1.85,Sprinkler,8.99,0.32,35.37
Cotton,Clay,965.4,36.7,61.0,7.53,159.7,2.06,None,5.2,0.64,37.86
Sugarcane,Clay,851.2,37.8,76.8,5.65,88.7,0.84,None,7.14,0.76,36.46
Sugarcane,Clay,901.8,30.8,89.4,8.48,138.4,2.04,None,7.74,0.56,32.78
Wheat,Loamy,821.0,25.9,77.3,7.28,140.7,1.7,Canal,4.46,0.29,38.01
Rice,Sandy,925.6,34.7,83.5,8.02,124.4,2.66,Sprinkler,8.38,0.78,37.68
Rice,Clay,991.4,25.2,62.1,8.08,141.5,1.99,Drip,2.55,0.83,33.76
Rice,Silty,590.4,25.7,48.5,6.93,117.7,2.16,None,8.68,0.52,36.14
Wheat,Sandy,952.1,35.5,54.1,6.63,92.0,2.08,None,7.65,0.85,41.08
Soybean,Loamy,742.8,30.5,48.3,6.29,115.8,2.57,Drip,9.07,0.28,42.44
Maize,Silty,614.8,17.2,75.8,8.37,120.5,3.05,Drip,7.96,0.42,28.6
Soybean,Loamy,915.0,35.9,81.6,7.54,77.6,0.82,None,2.63,0.3,29.27
Maize,Sandy,743.9,22.8,55.2,5.68,50.0,2.11,Drip,2.05,0.52,24.72
Soybean,Loamy,1149.9,17.0,67.5,7.05,116.7,2.0,Sprinkler,2.83,0.39,36.74
Maize,Loamy,1017.6,28.0,69.7,5.52,126.7,2.25,Sprinkler,2.41,0.64,32.57
Sugarcane,Clay,1271.0,29.3,75.1,7.08,74.2,2.56,Sprinkler,4.63,0.85,37.09
Soybean,Loamy,652.7,28.1,66.9,6.86,151.5,1.28,None,5.22,0.56,38.99
Sugarcane,Loamy,698.6,30.3,74.1,6.39,105.4,1.45,Sprinkler,6.44,0.3,36.03
Wheat,Sandy,656.2,30.3,80.4,6.94,124.6,1.76,None,7.25,0.88,38.18
Soybean,Loamy,719.3,20.0,62.7,8.07,169.0,2.96,None,9.28,0.51,42.11
Rice,Clay,883.2,28.1,41.9,6.37,71.9,2.57,None,8.59,0.43,36.2
Soybean,Clay,849.6,28.0,53.7,8.46,141.0,1.54,Canal,3.52,0.21,25.75
Wheat,Sandy,791.1,33.0,53.5,6.28,50.0,1.85,Drip,3.03,0.8,33.45
Maize,Clay,384.1,25.5,60.1,5.69,117.0,1.87,Canal,9.88,0.69,34.71
Wheat,Sandy,836.1,25.6,84.5,8.39,112.6,2.07,Canal,2.23,0.9,30.16
Sugarcane,Loamy,456.0,24.6,50.3,6.07,68.1,1.89,Drip,1.12,0.42,26.05
Soybean,Clay,682.7,28.9,88.8,7.42,151.3,2.47,None,3.71,0.47,28.78
Soybean,Clay,672.2,29.0,75.9,6.96,110.4,1.81,Canal,2.31,0.31,21.2
Soybean,Silty,1114.5,30.7,43.3,7.57,101.6,1.83,Canal,5.64,0.83,36.05
Sugarcane,Sandy,794.1,31.1,44.0,7.25,118.7,2.28,Drip,7.58,0.41,37.01
Wheat,Loamy,492.8,23.3,82.0,6.39,121.8,1.77,Sprinkler,4.27,0.48,29.12
Rice,Clay,683.1,23.7,42.5,7.93,114.2,2.02,None,4.39,0.3,24.7
Soybean,Sandy,723.1,19.1,78.0,7.92,100.1,1.3,None,2.95,0.68,30.23
Rice,Silty,876.1,31.7,85.0,5.76,104.8,1.51,None,3.78,0.65,29.74
Sugarcane,Clay,943.8,21.7,61.8,5.75,76.6,1.38,Sprinkler,7.63,0.34,33.75
Rice,Silty,794.5,36.9,61.4,8.21,152.1,1.22,Sprinkler,2.99,0.45,27.58
Cotton,Loamy,962.3,27.1,89.0,8.05,78.6,1.38,Canal,3.6,0.46,35.86
Cotton,Loamy,930.4,27.9,60.9,6.41,97.2,2.18,None,2.81,0.33,30.82
Wheat,Silty,842.5,25.3,69.3,7.08,130.9,2.15,Canal,4.05,0.25,30.38
Cotton,Loamy,1056.9,31.9,72.5,6.22,76.5,1.94,None,5.17,0.78,40.18
Cotton,Clay,1287.8,29.0,82.0,6.32,89.3,1.67,Drip,8.35,0.55,44.61
Cotton,Loamy,630.8,26.3,43.9,8.11,118.7,1.81,Drip,1.32,0.57,30.41
Wheat,Loamy,890.1,26.9,71.6,5.99,128.5,2.8,None,3.64,0.3,26.87
Wheat,Silty,689.1,29.8,54.5,7.39,163.1,1.93,Canal,2.03,0.36,20.88
Soybean,Loamy,792.7,29.7,55.1,7.7,68.5,1.65,Canal,1.92,0.81,31.09
Soybean,Silty,816.1,30.1,80.6,7.59,139.0,3.01,Sprinkler,3.08,0.57,26.7
Maize,Loamy,869.1,18.6,83.1,5.67,103.6,2.52,Sprinkler,4.65,0.3,33.01
Soybean,Clay,789.0,31.9,60.1,6.23,101.1,2.2,Drip,5.74,0.33,30.59
Sugarcane,Clay,1100.7,19.2,49.2,7.92,75.7,2.0,Drip,5.04,0.49,35.44
Wheat,Silty,854.8,24.7,64.9,7.0,143.3,2.37,None,4.51,0.65,36.53
Rice,Silty,1234.4,25.5,53.9,6.26,123.0,2.5,None,8.76,0.67,42.48
Wheat,Sandy,1082.5,22.5,59.5,7.76,170.1,1.14,None,5.61,0.32,33.53
Rice,Silty,718.1,39.3,59.6,7.99,88.6,2.24,Canal,9.4,0.84,37.64
Maize,Silty,754.6,24.5,65.5,6.39,141.6,2.77,Drip,6.0,0.68,35.67
Soybean,Silty,936.4,24.5,40.8,7.33,130.8,2.23,Canal,1.63,0.38,18.84
Rice,Loamy,708.4,17.8,69.9,6.74,132.9,2.19,Sprinkler,1.6,0.81,36.46
Cotton,Clay,1066.5,38.2,41.3,7.76,112.4,1.79,Drip,9.6,0.71,42.11
Sugarcane,Silty,527.0,29.0,81.8,6.28,106.5,2.02,Canal,6.56,0.7,28.81
Sugarcane,Clay,991.9,25.8,90.0,6.61,131.5,1.84,Canal,4.43,0.79,33.98
Soybean,Sandy,747.6,22.4,46.0,7.62,136.4,2.63,None,4.4,0.32,28.48
Cotton,Sandy,794.5,30.8,70.7,6.4,84.8,2.0,Sprinkler,8.17,0.34,31.91
Rice,Clay,800.7,24.7,76.5,8.03,111.5,2.21,None,6.15,0.65,32.4
Sugarcane,Silty,862.9,27.5,45.4,6.35,136.3,2.42,Sprinkler,4.64,0.74,34.37
Maize,Silty,986.6,30.0,73.7,6.16,98.0,1.88,Sprinkler,6.67,0.42,35.4
Rice,Loamy,996.6,17.7,50.2,7.73,164.5,1.88,Drip,7.4,0.21,41.91
Soybean,Silty,747.1,28.8,48.6,7.24,123.5,1.87,Drip,5.78,0.32,34.42
Rice,Silty,883.9,31.9,60.8,8.19,152.3,1.79,Drip,2.18,0.55,32.81
Soybean,Loamy,795.9,28.7,82.2,5.52,75.6,2.16,Drip,6.97,0.58,36.19
Maize,Silty,920.3,24.1,67.2,5.85,128.2,1.65,Canal,1.87,0.41,21.45
Cotton,Sandy,932.3,26.3,78.3,5.54,95.6,1.36,Sprinkler,3.47,0.66,30.61
Cotton,Silty,624.0,33.8,76.7,6.76,152.8,2.51,Sprinkler,5.54,0.66,32.43
Rice,Clay,866.0,30.3,89.3,7.19,112.7,1.49,Sprinkler,2.14,0.76,30.88
Soybean,Silty,883.0,28.6,60.9,7.07,86.9,1.68,Drip,1.83,0.54,26.9
Rice,Clay,401.0,28.7,62.8,6.31,105.7,1.27,Drip,1.65,0.53,22.47
Cotton,Silty,536.0,17.2,76.4,7.78,140.3,2.02,Canal,9.43,0.64,38.64
Rice,Clay,853.3,28.5,73.7,5.83,86.7,1.48,Drip,5.16,0.69,36.4
Maize,Loamy,824.7,28.1,47.0,6.65,61.2,1.67,Drip,2.41,0.85,32.79
Cotton,Sandy,572.0,26.0,71.8,7.09,115.7,2.11,Sprinkler,6.42,0.5,27.98
Cotton,Loamy,814.6,37.5,83.3,8.09,64.2,2.17,Sprinkler,4.29,0.62,30.49
Rice,Silty,757.1,34.1,87.6,6.29,80.6,1.59,None,6.47,0.38,29.68
Sugarcane,Clay,784.5,34.6,54.6,7.44,126.4,2.46,Drip,5.96,0.72,34.34
Rice,Clay,626.1,28.6,69.9,6.14,106.3,0.92,Canal,2.78,0.61,27.93
Rice,Sandy,1053.0,19.3,84.0,8.29,83.0,2.28,Canal,8.42,0.59,38.21
Soybean,Silty,904.0,28.7,81.5,6.13,122.9,2.17,Drip,8.63,0.48,39.66
Wheat,Sandy,704.1,29.2,87.9,5.94,142.8,2.1,Canal,3.61,0.55,27.31
Maize,Clay,980.6,17.8,67.5,5.95,106.2,2.1,Drip,9.52,0.79,45.18
Cotton,Loamy,1014.2,27.7,84.7,6.8,114.5,2.66,Canal,6.44,0.52,42.84
Maize,Clay,636.0,30.9,89.0,7.16,145.6,1.77,Sprinkler,9.55,0.76,39.61
Maize,Sandy,1062.9,33.4,56.4,6.33,143.4,1.75,Canal,9.3,0.52,40.58
Rice,Silty,913.5,23.8,79.9,6.81,164.0,2.31,None,1.48,0.89,30.78
Rice,Silty,821.1,27.0,82.9,8.04,124.2,1.95,Canal,7.96,0.86,37.46
Cotton,Loamy,1022.4,28.6,49.5,6.26,97.2,3.26,None,9.48,0.81,40.96
Cotton,Clay,935.8,24.0,82.4,7.73,119.5,1.68,Sprinkler,3.79,0.35,32.66
Soybean,Sandy,915.3,20.5,69.0,6.7,110.9,1.84,Canal,1.75,0.67,31.63
Cotton,Silty,1139.7,19.3,50.0,7.06,139.0,2.43,Sprinkler,1.71,0.66,32.04
Wheat,Sandy,613.8,30.5,80.2,7.14,143.9,1.79,None,7.94,0.64,35.66
Cotton,Clay,830.0,22.5,50.1,6.11,106.7,1.05,None,2.52,0.41,25.41
Rice,Loamy,620.4,33.4,48.2,6.81,158.8,1.97,Canal,8.42,0.57,41.28
Maize,Silty,857.2,23.5,59.4,5.69,103.7,1.94,Sprinkler,1.0,0.53,21.2
Wheat,Silty,977.1,31.4,62.9,6.22,131.2,1.77,Drip,7.6,0.48,40.93
Sugarcane,Loamy,308.9,24.1,75.7,6.34,127.2,1.58,Canal,6.96,0.21,32.34
Rice,Sandy,686.1,28.3,72.0,5.88,83.2,1.99,None,1.02,0.78,24.48
Wheat,Sandy,856.9,29.8,68.9,6.7,87.0,2.18,Sprinkler,8.62,0.77,43.89
Sugarcane,Sandy,964.8,23.1,61.6,8.49,110.9,2.87,None,2.39,0.59,26.81
Cotton,Loamy,1006.7,32.5,45.4,6.26,110.0,1.69,None,6.85,0.3,38.61
Wheat,Loamy,515.5,26.4,45.9,6.62,70.9,2.12,Drip,4.33,0.42,35.45
Rice,Sandy,834.4,20.7,83.4,7.91,112.3,1.2,None,1.51,0.75,29.9
Sugarcane,Clay,553.0,29.2,75.3,5.84,155.3,2.36,Drip,2.29,0.83,30.29
Soybean,Sandy,797.2,21.8,46.3,7.71,113.7,1.43,Sprinkler,1.53,0.25,21.71
Rice,Silty,410.2,28.2,60.4,6.82,139.0,1.69,None,7.48,0.87,39.97
Soybean,Loamy,896.4,24.0,40.5,5.81,94.0,1.38,None,7.99,0.43,40.27
Cotton,Loamy,745.2,22.9,43.5,6.11,126.1,1.15,None,7.5,0.31,37.55
Rice,Sandy,640.6,35.7,53.1,7.74,126.3,2.71,Drip,8.68,0.81,40.96
Wheat,Clay,823.4,32.6,73.9,8.2,66.6,1.61,Drip,3.08,0.48,30.3
Sugarcane,Clay,442.0,27.5,64.7,5.95,88.5,1.33,Sprinkler,6.5,0.89,29.57
Maize,Loamy,890.9,30.1,49.4,8.04,121.6,2.53,Drip,6.94,0.46,35.34
Soybean,Sandy,576.1,17.8,49.7,7.08,146.4,1.76,Sprinkler,5.62,0.69,31.69
Soybean,Clay,1020.5,26.2,75.5,6.86,114.7,2.33,Drip,4.2,0.67,35.86
Wheat,Clay,584.9,21.1,83.7,6.78,125.8,1.34,Sprinkler,3.06,0.57,29.43
Sugarcane,Loamy,733.0,27.3,66.5,5.53,157.7,2.1,None,9.63,0.75,41.11
Wheat,Sandy,1188.7,29.9,63.3,6.7,92.8,1.3,Canal,5.04,0.54,33.82
Soybean,Silty,479.9,23.1,82.2,8.04,86.2,1.99,Canal,4.83,0.52,22.17
Rice,Loamy,784.5,23.2,55.4,6.69,72.3,1.72,Canal,1.83,0.23,27.59
Cotton,Clay,779.8,29.1,63.9,7.8,124.5,1.73,None,1.55,0.2,20.28
Rice,Sandy,1237.8,30.6,78.5,8.36,91.1,1.13,Sprinkler,1.14,0.24,23.63
Rice,Sandy,827.2,31.1,64.0,8.02,162.6,2.06,Sprinkler,8.06,0.62,37.03
Soybean,Clay,865.8,23.7,70.9,6.9,138.1,1.97,Sprinkler,1.61,0.27,26.51
Maize,Silty,854.8,21.7,48.2,5.95,134.0,2.24,None,2.15,0.24,25.56
Rice,Sandy,943.9,23.4,88.9,7.1,150.6,1.7,Sprinkler,6.14,0.41,32.74
Soybean,Loamy,751.7,18.7,40.5,6.86,91.2,2.5,Canal,5.47,0.33,29.6
Cotton,Loamy,858.6,28.5,51.0,7.97,161.4,1.77,Canal,4.99,0.52,35.46
Wheat,Silty,1056.8,23.2,48.6,6.92,100.5,1.56,Canal,5.26,0.89,40.62
Rice,Clay,721.9,27.7,58.9,7.02,160.7,2.0,Sprinkler,7.55,0.84,43.04
Maize,Clay,797.1,16.7,40.1,7.48,102.3,1.78,Canal,4.14,0.25,25.9
Sugarcane,Silty,607.6,22.5,58.8,6.16,140.1,1.96,Drip,4.92,0.51,30.18
Wheat,Silty,1021.0,28.5,40.6,7.22,135.2,0.77,Canal,3.3,0.58,35.64
Cotton,Silty,452.2,30.8,57.8,7.8,106.6,2.29,Sprinkler,2.46,0.56,22.22
Maize,Clay,894.6,33.3,46.2,7.02,112.7,1.76,Sprinkler,3.5,0.79,36.01
Sugarcane,Clay,681.5,31.9,77.9,5.92,157.8,2.56,None,7.1,0.86,36.65
Maize,Sandy,1103.0,25.0,71.5,7.02,110.6,2.03,Canal,5.47,0.65,34.81
Rice,Sandy,546.6,33.8,75.1,8.38,142.8,2.01,None,9.35,0.59,31.77
Sugarcane,Sandy,813.8,24.6,40.2,5.7,103.4,2.22,Canal,2.14,0.77,25.32
Sugarcane,Loamy,561.5,27.1,58.4,5.56,105.3,1.79,None,5.03,0.23,26.24
Wheat,Clay,824.9,33.9,46.3,7.05,115.1,2.11,Canal,9.94,0.8,43.09
Maize,Clay,491.1,34.6,80.2,6.51,108.9,1.74,Canal,9.23,0.4,35.01
Cotton,Silty,886.2,26.0,64.0,7.3,80.3,1.86,Sprinkler,6.85,0.5,33.02
Maize,Silty,953.5,36.4,72.6,7.01,167.9,1.36,Drip,4.61,0.47,37.91
Soybean,Silty,703.7,31.9,67.1,6.72,129.6,2.3,None,2.71,0.55,28.3
Sugarcane,Loamy,819.2,27.0,63.7,6.74,123.5,2.35,Sprinkler,9.84,0.46,41.38
Sugarcane,Sandy,868.5,20.3,49.2,5.78,141.2,1.76,Sprinkler,8.85,0.65,38.21
Sugarcane,Clay,652.5,28.2,76.0,6.87,118.9,1.93,Sprinkler,6.5,0.44,29.5
Cotton,Clay,759.9,23.7,81.1,8.17,146.6,1.86,Sprinkler,9.76,0.72,39.41
Wheat,Clay,641.0,20.6,50.7,7.7,127.0,2.21,Drip,3.46,0.21,27.57
Cotton,Sandy,1032.9,28.2,48.8,6.35,106.8,1.88,Canal,4.64,0.52,30.45
Soybean,Sandy,738.0,19.4,66.7,6.44,105.0,2.15,Drip,2.49,0.69,29.87
Sugarcane,Sandy,838.1,27.6,87.5,6.38,80.5,1.28,None,6.97,0.87,40.79
Rice,Sandy,983.4,32.7,77.6,7.32,111.1,2.41,Canal,1.63,0.3,29.87
Cotton,Sandy,809.1,17.9,74.7,5.94,93.1,0.94,Sprinkler,7.54,0.38,30.1
Sugarcane,Sandy,738.8,29.9,57.3,7.03,93.4,2.34,Canal,7.38,0.88,33.83
Rice,Silty,811.6,30.6,68.0,7.32,135.0,1.63,Sprinkler,7.37,0.52,37.79
Rice,Clay,1083.9,27.8,53.3,8.28,117.5,2.66,Sprinkler,6.82,0.5,32.95
Sugarcane,Clay,847.3,23.8,58.4,6.34,65.6,2.11,Canal,1.39,0.57,26.68
Sugarcane,Sandy,857.9,30.0,80.0,7.13,157.6,1.15,Canal,1.6,0.63,31.06
Maize,Clay,894.8,21.3,82.6,5.53,131.3,2.0,Canal,4.06,0.48,26.25
Soybean,Sandy,1025.5,24.2,52.7,7.39,148.0,1.51,None,6.99,0.34,37.46
Maize,Sandy,758.5,18.4,65.8,6.06,130.6,1.63,Canal,8.39,0.57,33.25
Maize,Loamy,798.6,33.1,69.4,7.9,77.2,1.63,None,3.06,0.55,31.97
Sugarcane,Silty,608.3,30.7,76.2,6.73,116.7,2.52,Drip,5.33,0.76,33.91
Cotton,Silty,636.0,24.8,63.1,5.88,95.5,1.4,Drip,7.36,0.87,37.82
Cotton,Sandy,506.3,20.4,45.1,5.78,119.0,1.71,Sprinkler,4.75,0.76,30.72
Wheat,Clay,457.9,27.4,75.4,5.91,146.2,2.13,None,2.17,0.83,26.62
Maize,Loamy,892.6,39.7,68.1,6.1,126.7,1.43,None,7.34,0.78,41.71
Maize,Loamy,824.6,28.7,65.2,7.32,80.2,2.26,None,6.59,0.36,36.92
Maize,Loamy,705.1,26.5,80.4,7.38,126.0,2.03,Sprinkler,2.54,0.57,32.35
Wheat,Loamy,1055.1,30.1,42.0,5.75,109.4,2.27,Sprinkler,3.92,0.56,40.13
Soybean,Loamy,664.5,36.7,46.6,7.29,55.6,1.98,Sprinkler,1.28,0.6,27.07
Wheat,Silty,1177.0,33.2,79.3,7.83,132.9,1.37,None,6.87,0.61,37.97
Rice,Loamy,557.3,22.1,61.8,7.29,98.3,2.65,None,4.06,0.73,35.21
Maize,Sandy,874.8,24.5,69.6,7.5,87.8,2.29,None,8.2,0.89,36.6
Wheat,Clay,719.9,26.7,56.1,7.6,132.0,2.63,Drip,6.01,0.7,37.12
